,Id2,city_state,agg_commute_mins,median_household_inc,bach_or_higher_percent,estab_2011,estab_2016,pop_2011,pop_2016,biz_growth_Y,lat,lng,city,state,tax_rank,corp_tax_rank,income_tax_rank,sales_tax_rank,property_tax_rank,unemployment_tax_rank
0,10180,"Abilene, TX",1313825,48016,20.4,3844.0,3950.0,165858.0,170860.0,-0.25072708632085705,32.4487364,-99.73314390000002,Abilene,TX,15,49,6,37,37,18
1,11100,"Amarillo, TX",2334755,54478,23.7,6018.0,6348.0,254635.0,263491.0,1.938220239903086,35.2219971,-101.8312969,Amarillo,TX,15,49,6,37,37,18
2,12420,"Austin-Round Rock, TX",26768530,71000,42.8,41924.0,50759.0,1783519.0,2056405.0,5.007286093937629,30.508255100000003,-97.678896,Austin-Round Rock,TX,15,49,6,37,37,18
3,13140,"Beaumont-Port Arthur, TX",3808355,49364,17.2,7845.0,7896.0,390535.0,409901.0,-4.105173966294127,30.080174,-94.12655620000001,Beaumont-Port Arthur,TX,15,49,6,37,37,18
4,15180,"Brownsville-Harlingen, TX",3125575,37061,17.0,6285.0,6376.0,414123.0,422135.0,-0.4775597893343153,26.190630600000002,-97.6961026,Brownsville-Harlingen,TX,15,49,6,37,37,18
5,17780,"College Station-Bryan, TX",2053660,42233,35.3,4316.0,4860.0,227997.0,254716.0,0.7923891641349163,30.825146999999998,-96.4929797,College Station-Bryan,TX,15,49,6,37,37,18
6,18580,"Corpus Christi, TX",3887750,53775,21.2,9257.0,9543.0,431381.0,452790.0,-1.7847681489023963,27.800582799999997,-97.396381,Corpus Christi,TX,15,49,6,37,37,18
7,19100,"Dallas-Fort Worth-Arlington, TX",96061810,63812,33.9,141069.0,160269.0,6526566.0,7232599.0,2.5199266009763743,32.707875099999995,-96.9209135,Dallas-Fort Worth-Arlington,TX,15,49,6,37,37,18
8,21340,"El Paso, TX",8251840,42116,21.9,13494.0,14424.0,820790.0,842114.0,4.185235329850869,31.7618778,-106.48502169999999,El Paso,TX,15,49,6,37,37,18
9,26420,"Houston-The Woodlands-Sugar Land, TX",90558810,61708,32.0,123784.0,139010.0,6086895.0,6772470.0,0.9323188668146302,30.1746765,-95.4539647,Houston-The Woodlands-Sugar Land,TX,15,49,6,37,37,18
10,28660,"Killeen-Temple, TX",3744975,52202,21.0,5907.0,6163.0,411595.0,435887.0,-1.4806879514280995,31.124150699999998,-97.6982272,Killeen-Temple,TX,15,49,6,37,37,18
11,29700,"Laredo, TX",2073050,35659,17.2,4779.0,5298.0,256496.0,271193.0,4.852078705161128,27.5035613,-99.50755190000001,Laredo,TX,15,49,6,37,37,18
12,30980,"Longview, TX",2165935,45773,19.8,5337.0,5363.0,216666.0,217446.0,0.12670781677199022,32.5007037,-94.7404891,Longview,TX,15,49,6,37,37,18
13,31180,"Lubbock, TX",2473865,48671,30.2,6943.0,7304.0,290842.0,313910.0,-2.531210868911473,33.5778631,-101.85516650000001,Lubbock,TX,15,49,6,37,37,18
14,32580,"McAllen-Edinburg-Mission, TX",6349950,36176,18.3,11206.0,11937.0,797810.0,849843.0,0.0012318366444398939,26.2159066,-98.3252932,McAllen-Edinburg-Mission,TX,15,49,6,37,37,18
15,33260,"Midland, TX",1426960,65224,26.0,4655.0,5304.0,140308.0,168323.0,-5.022047880643362,31.9973456,-102.0779146,Midland,TX,15,49,6,37,37,18
16,36220,"Odessa, TX",1579960,53254,15.4,3313.0,3584.0,140111.0,157462.0,-3.7406256686318473,31.8456816,-102.3676431,Odessa,TX,15,49,6,37,37,18
17,41660,"San Angelo, TX",1024595,49096,24.8,2636.0,2827.0,113614.0,120189.0,1.3788898317219247,31.4637723,-100.4370375,San Angelo,TX,15,49,6,37,37,18
18,41700,"San Antonio-New Braunfels, TX",28249580,56105,27.8,40516.0,44993.0,2196132.0,2429609.0,0.37843991880110495,29.7030024,-98.1244531,San Antonio-New Braunfels,TX,15,49,6,37,37,18
19,43300,"Sherman-Denison, TX",1295625,52095,19.4,2464.0,2526.0,121419.0,128235.0,-2.9327516850911493,33.7556593,-96.536658,Sherman-Denison,TX,15,49,6,37,37,18
20,46340,"Tyler, TX",2114780,52572,24.9,5504.0,5775.0,213381.0,225290.0,-0.6226539443477007,32.351260100000005,-95.3010624,Tyler,TX,15,49,6,37,37,18
21,47020,"Victoria, TX",933730,55228,19.2,2819.0,2475.0,115873.0,100227.0,1.5027122911303423,28.805267399999998,-97.00359820000001,Victoria,TX,15,49,6,37,37,18
22,47380,"Waco, TX",2296065,46590,21.1,4938.0,5391.0,238564.0,264869.0,-1.6686453227179743,31.549333,-97.1466695,Waco,TX,15,49,6,37,37,18
23,48660,"Wichita Falls, TX",1109135,44951,23.4,3469.0,3411.0,149024.0,150734.0,-2.7874329011725147,33.913708500000006,-98.49338730000001,Wichita Falls,TX,15,49,6,37,37,18
24,10420,"Akron, OH",7359250,51598,31.0,16402.0,16390.0,701456.0,702221.0,-0.18202217004259308,41.081444700000006,-81.51900529999998,Akron,OH,42,46,44,28,13,6
25,15940,"Canton-Massillon, OH",4020090,50811,23.4,8801.0,8648.0,405693.0,401281.0,-0.6580736632814941,40.7967244,-81.52150929999998,Canton-Massillon,OH,42,46,44,28,13,6
26,17460,"Cleveland-Elyria, OH",22823600,52131,30.3,51600.0,51247.0,2068283.0,2055612.0,-0.0719153404541894,41.3912969,-82.11295770000001,Cleveland-Elyria,OH,42,46,44,28,13,6
27,18140,"Columbus, OH",23198545,60294,36.0,38781.0,42106.0,1858464.0,2041520.0,-1.1616477571928452,39.9611755,-82.99879419999998,Columbus,OH,42,46,44,28,13,6
28,19380,"Dayton, OH",7686735,51427,27.4,17241.0,16528.0,845388.0,800683.0,1.216967952013604,39.758947799999994,-84.1916069,Dayton,OH,42,46,44,28,13,6
29,30620,"Lima, OH",835445,47592,16.6,2516.0,2412.0,106094.0,103742.0,-1.9600967411542736,40.742551,-84.1052256,Lima,OH,42,46,44,28,13,6
30,31900,"Mansfield, OH",1081855,44073,17.6,2673.0,2597.0,123510.0,121107.0,-0.9154670869793344,40.758390000000006,-82.51544709999999,Mansfield,OH,42,46,44,28,13,6
31,44220,"Springfield, OH",1260890,46811,17.9,2388.0,2287.0,137691.0,134786.0,-2.165369045455784,39.9242266,-83.8088171,Springfield,OH,42,46,44,28,13,6
32,45780,"Toledo, OH",5846475,48822,27.1,14469.0,13276.0,650266.0,605221.0,-1.4161475982049676,41.6528052,-83.53786740000001,Toledo,OH,42,46,44,28,13,6
33,10500,"Albany, GA",1215320,40667,18.6,3242.0,3123.0,161617.0,152506.0,2.084330368029608,31.578507399999996,-84.15574099999998,Albany,GA,33,8,38,29,24,38
34,12020,"Athens-Clarke County, GA",2056830,43165,37.0,4402.0,4660.0,193317.0,206360.0,-0.8299787784350494,33.9519347,-83.357567,Athens-Clarke County,GA,33,8,38,29,24,38
35,12060,"Atlanta-Sandy Springs-Roswell, GA",83440035,62613,37.7,128050.0,139929.0,5365726.0,5790210.0,1.2656895553334748,33.849818400000004,-84.43827209999999,Atlanta-Sandy Springs-Roswell,GA,33,8,38,29,24,38
36,15260,"Brunswick, GA",1110680,46014,23.1,2764.0,2901.0,109308.0,115737.0,-0.8735809982478457,31.149952799999998,-81.49148939999998,Brunswick,GA,33,8,38,29,24,38
37,19140,"Dalton, GA",1469495,43348,11.8,2651.0,2587.0,142741.0,143904.0,-3.2028501103925495,34.7698021,-84.9702228,Dalton,GA,33,8,38,29,24,38
38,23580,"Gainesville, GA",2345480,54917,21.5,3860.0,4205.0,183052.0,196637.0,1.4116698713742106,34.2978794,-83.8240663,Gainesville,GA,33,8,38,29,24,38
39,25980,"Hinesville, GA",680725,46241,16.0,882.0,889.0,81144.0,82687.0,-1.0872325758583563,31.846877000000003,-81.5959453,Hinesville,GA,33,8,38,29,24,38
40,31420,"Macon-Bibb County, GA",2056735,39973,24.3,5172.0,5102.0,227488.0,226998.0,-1.1405022276465369,32.8406946,-83.6324022,Macon-Bibb County,GA,33,8,38,29,24,38
41,40660,"Rome, GA",950920,49865,24.2,1927.0,1960.0,95989.0,96560.0,1.1110375430641797,34.257038,-85.16467259999999,Rome,GA,33,8,38,29,24,38
42,42340,"Savannah, GA",4252005,56535,31.0,8321.0,9070.0,355576.0,384024.0,0.9266453555061359,32.0808989,-81.09120300000001,Savannah,GA,33,8,38,29,24,38
43,46660,"Valdosta, GA",1171145,39734,22.9,3051.0,3072.0,140599.0,144504.0,-2.0326486489899818,30.8327022,-83.2784851,Valdosta,GA,33,8,38,29,24,38
44,47580,"Warner Robins, GA",1740940,59409,26.8,2280.0,3144.0,143925.0,189753.0,4.591231759181661,32.6130007,-83.624201,Warner Robins,GA,33,8,38,29,24,38
45,10580,"Albany-Schenectady-Troy, NY",9953675,65855,37.4,21027.0,21444.0,871478.0,881839.0,0.7849326629413887,42.7636479,-73.65362089999998,Albany-Schenectady-Troy,NY,48,7,48,42,47,31
46,13780,"Binghamton, NY",1945190,51360,29.0,5113.0,5034.0,250074.0,244094.0,0.8669421312269104,42.09868669999999,-75.91797380000001,Binghamton,NY,48,7,48,42,47,31
47,15380,"Buffalo-Cheektowaga-Niagara Falls, NY",11177715,53487,31.5,26813.0,27379.0,1134039.0,1132804.0,2.222239207067864,42.90554909999999,-78.7655595,Buffalo-Cheektowaga-Niagara Falls,NY,48,7,48,42,47,31
48,21300,"Elmira, NY",737875,51269,27.5,1834.0,1791.0,88840.0,86322.0,0.5039915851574225,42.089796500000006,-76.8077338,Elmira,NY,48,7,48,42,47,31
49,24020,"Glens Falls, NY",1456620,54414,24.9,3398.0,3369.0,128996.0,126367.0,1.2092495725137204,43.3095164,-73.6440058,Glens Falls,NY,48,7,48,42,47,31
50,27060,"Ithaca, NY",803550,56349,51.7,2326.0,2370.0,101723.0,104871.0,-1.1669071578444061,42.4439614,-76.5018807,Ithaca,NY,48,7,48,42,47,31
51,28740,"Kingston, NY",2235355,62790,32.8,4663.0,4814.0,182448.0,179225.0,5.0947904078749096,41.9270367,-73.9973608,Kingston,NY,48,7,48,42,47,31
52,40380,"Rochester, NY",10621200,55134,33.7,23577.0,24792.0,1055278.0,1078879.0,2.8530474938363612,43.15657789999999,-77.6088465,Rochester,NY,48,7,48,42,47,31
53,45060,"Syracuse, NY",6266685,56702,31.2,15264.0,15258.0,662553.0,656510.0,0.8808034150279489,43.0481221,-76.14742439999998,Syracuse,NY,48,7,48,42,47,31
54,46540,"Utica-Rome, NY",2472470,52534,24.7,6033.0,6014.0,298447.0,293803.0,1.2607384379643531,43.100903,-75.232664,Utica-Rome,NY,48,7,48,42,47,31
55,10740,"Albuquerque, NM",9286780,50954,31.8,18466.0,18645.0,899149.0,913924.0,-0.6629771725937189,35.0843859,-106.65042199999999,Albuquerque,NM,25,21,31,41,1,10
56,22140,"Farmington, NM",1122620,52003,16.6,2833.0,2651.0,128200.0,115079.0,4.244967683720165,36.72805830000001,-108.21868559999999,Farmington,NM,25,21,31,41,1,10
57,29740,"Las Cruces, NM",1710765,37496,26.1,3630.0,3615.0,213598.0,214207.0,-0.6963527632786651,32.3199396,-106.7636538,Las Cruces,NM,25,21,31,41,1,10
58,42140,"Santa Fe, NM",1419255,57863,41.7,4714.0,4726.0,145648.0,148651.0,-1.7707497197387332,35.686975200000006,-105.937799,Santa Fe,NM,25,21,31,41,1,10
59,10780,"Alexandria, LA",1579405,42136,19.2,3398.0,3296.0,154505.0,154789.0,-3.1797338077160946,31.3112936,-92.4451371,Alexandria,LA,44,36,32,50,32,4
60,12940,"Baton Rouge, LA",9460785,52487,26.9,17725.0,18237.0,808242.0,835175.0,-0.4294093984593096,30.451467699999995,-91.1871466,Baton Rouge,LA,44,36,32,50,32,4
61,26380,"Houma-Thibodaux, LA",2038235,49929,16.1,4780.0,4680.0,208583.0,211525.0,-3.4538050291294686,29.782075199999998,-90.8093416,Houma-Thibodaux,LA,44,36,32,50,32,4
62,29180,"Lafayette, LA",5154915,45409,22.9,8892.0,13042.0,277307.0,491528.0,-17.252036957756992,30.2240897,-92.0198427,Lafayette,LA,44,36,32,50,32,4
63,29340,"Lake Charles, LA",1818695,46005,20.1,4369.0,4682.0,201411.0,207432.0,4.053524607635653,30.226594899999995,-93.21737579999999,Lake Charles,LA,44,36,32,50,32,4
64,33740,"Monroe, LA",1371925,38004,20.8,4479.0,4569.0,177651.0,179470.0,0.9754713877891148,32.5093109,-92.1193012,Monroe,LA,44,36,32,50,32,4
65,35380,"New Orleans-Metairie, LA",14473365,48804,29.4,28991.0,30840.0,1191089.0,1268883.0,-0.14408205156907994,29.984092200000003,-90.1528519,New Orleans-Metairie,LA,44,36,32,50,32,4
66,43340,"Shreveport-Bossier City, LA",3889850,40445,22.0,9128.0,9957.0,403595.0,441767.0,-0.3435569896938465,32.5159852,-93.7321228,Shreveport-Bossier City,LA,44,36,32,50,32,4
67,11020,"Altoona, PA",1009635,43443,18.3,3200.0,3185.0,127099.0,124650.0,1.4867416265543558,40.5186809,-78.3947359,Altoona,PA,34,43,18,21,34,46
68,21500,"Erie, PA",2430330,48964,28.0,6246.0,6191.0,280985.0,276207.0,0.8340659284618366,42.12922409999999,-80.085059,Erie,PA,34,43,18,21,34,46
69,25420,"Harrisburg-Carlisle, PA",6044335,61467,32.8,13352.0,13699.0,552911.0,568033.0,-0.13249377646676988,40.3157054,-77.10249019999998,Harrisburg-Carlisle,PA,34,43,18,21,34,46
70,27780,"Johnstown, PA",1323510,44100,22.2,3381.0,3171.0,143728.0,134732.0,0.05106064710380768,40.32674069999999,-78.9219698,Johnstown,PA,34,43,18,21,34,46
71,29540,"Lancaster, PA",6065460,61335,25.0,12041.0,12874.0,523594.0,538500.0,3.958475456458464,40.0378755,-76.3055144,Lancaster,PA,34,43,18,21,34,46
72,30140,"Lebanon, PA",1468895,57248,20.6,2610.0,2709.0,134311.0,138863.0,0.3907125529577852,40.3666686,-76.50257420000001,Lebanon,PA,34,43,18,21,34,46
73,38300,"Pittsburgh, PA",28802045,56063,34.6,59052.0,59850.0,2359746.0,2342299.0,2.1062835897321137,40.44062479999999,-79.9958864,Pittsburgh,PA,34,43,18,21,34,46
74,39740,"Reading, PA",4869650,59286,25.0,8177.0,8406.0,412778.0,414812.0,2.296463249944096,40.335648299999995,-75.9268747,Reading,PA,34,43,18,21,34,46
75,42540,"Scranton--Wilkes-Barre--Hazleton, PA",5402825,47422,24.5,13150.0,13233.0,563184.0,555225.0,2.0736993994316415,41.408969,-75.66241219999998,Scranton--Wilkes-Barre--Hazleton,PA,34,43,18,21,34,46
76,44300,"State College, PA",1385135,60266,48.3,3169.0,3347.0,154722.0,161464.0,1.2068333817829413,40.793394899999996,-77.8600012,State College,PA,34,43,18,21,34,46
77,48700,"Williamsport, PA",1073460,49052,21.2,2867.0,2745.0,116747.0,115248.0,-3.009993619679745,41.24118970000001,-77.00107860000001,Williamsport,PA,34,43,18,21,34,46
78,49620,"York-Hanover, PA",5602815,62462,24.2,8519.0,8646.0,436770.0,443744.0,-0.10427116314087467,39.800655299999995,-76.9830358,York-Hanover,PA,34,43,18,21,34,46
79,11180,"Ames, IA",867915,53371,54.8,2015.0,2030.0,89663.0,97090.0,-6.962131526170879,42.03078120000001,-93.6319131,Ames,IA,45,48,42,19,39,33
80,16300,"Cedar Rapids, IA",2641390,63385,32.7,6402.0,6523.0,260575.0,267799.0,-0.858495720792999,41.9778795,-91.66562320000001,Cedar Rapids,IA,45,48,42,19,39,33
81,19780,"Des Moines-West Des Moines, IA",6374255,65704,36.7,14709.0,16122.0,578665.0,634725.0,-0.07425844839408915,41.5638902,-93.7593841,Des Moines-West Des Moines,IA,45,48,42,19,39,33
82,20220,"Dubuque, IA",797410,60456,29.1,2708.0,2759.0,94648.0,97003.0,-0.5901734662883534,42.5005583,-90.6645718,Dubuque,IA,45,48,42,19,39,33
83,26980,"Iowa City, IA",1654930,57777,49.1,3716.0,3973.0,154893.0,168828.0,-1.9087711143165536,41.6611277,-91.5301683,Iowa City,IA,45,48,42,19,39,33
84,47940,"Waterloo-Cedar Falls, IA",1402945,53877,27.8,4113.0,4095.0,167818.0,170015.0,-1.7242203690226572,42.5348993,-92.4453161,Waterloo-Cedar Falls,IA,45,48,42,19,39,33
85,11260,"Anchorage, AK",3977595,82203,32.2,10366.0,11002.0,387516.0,402557.0,2.1698349542111006,61.2180556,-149.90027780000003,Anchorage,AK,2,25,1,5,23,35
86,21820,"Fairbanks, AK",899195,77328,31.5,2455.0,2466.0,99192.0,100605.0,-0.9627306729115792,64.8377778,-147.7163888,Fairbanks,AK,2,25,1,5,23,35
87,11460,"Ann Arbor, MI",4133240,65601,54.8,7889.0,8119.0,347962.0,364709.0,-1.8103022620686375,42.2808256,-83.7430378,Ann Arbor,MI,13,11,12,11,22,49
88,12980,"Battle Creek, MI",1108935,45902,20.2,2670.0,2558.0,135490.0,134386.0,-3.4077029269646446,42.32115220000001,-85.17971419999998,Battle Creek,MI,13,11,12,11,22,49
89,13020,"Bay City, MI",1048520,44756,17.7,2254.0,2195.0,107110.0,104747.0,-0.4207069471631398,43.5944677,-83.8888647,Bay City,MI,13,11,12,11,22,49
90,19820,"Detroit-Warren-Dearborn, MI",51236275,56142,30.4,96919.0,99127.0,4285832.0,4297617.0,1.997722034342423,42.3222599,-83.17631449999998,Detroit-Warren-Dearborn,MI,13,11,12,11,22,49
91,22420,"Flint, MI",4162740,43955,20.1,7810.0,7684.0,422080.0,408615.0,1.6287984348866065,43.012527399999996,-83.6874562,Flint,MI,13,11,12,11,22,49
92,24340,"Grand Rapids-Wyoming, MI",10479755,60212,31.7,17952.0,24259.0,779604.0,1047099.0,0.61120924660331,42.9133602,-85.7053085,Grand Rapids-Wyoming,MI,13,11,12,11,22,49
93,27100,"Jackson, MI",1581825,50009,21.9,2995.0,2897.0,159748.0,158460.0,-2.485893334361605,42.245869,-84.40134619999998,Jackson,MI,13,11,12,11,22,49
94,28020,"Kalamazoo-Portage, MI",3221735,52045,33.6,6867.0,6864.0,328205.0,336877.0,-2.6167959147145545,42.20115379999999,-85.5800022,Kalamazoo-Portage,MI,13,11,12,11,22,49
95,29620,"Lansing-East Lansing, MI",4580605,53296,34.1,9466.0,9506.0,465138.0,475099.0,-1.682910246664266,42.7369792,-84.48386540000001,Lansing-East Lansing,MI,13,11,12,11,22,49
96,33780,"Monroe, MI",1640630,60799,19.3,2333.0,2285.0,151560.0,149208.0,-0.5135456401398225,41.9164343,-83.3977101,Monroe,MI,13,11,12,11,22,49
97,34740,"Muskegon, MI",1507720,44264,16.6,3268.0,3114.0,171302.0,173408.0,-5.869608593048209,43.234181299999996,-86.24839209999998,Muskegon,MI,13,11,12,11,22,49
98,35660,"Niles-Benton Harbor, MI",1317425,47083,28.3,3623.0,3520.0,156941.0,154010.0,-0.993929458502352,41.940735700000005,-86.3376761,Niles-Benton Harbor,MI,13,11,12,11,22,49
99,40980,"Saginaw, MI",1788260,45849,22.8,4375.0,4261.0,199088.0,192326.0,0.8185765537977914,43.419469899999996,-83.9508068,Saginaw,MI,13,11,12,11,22,49
100,11500,"Anniston-Oxford-Jacksonville, AL",1140770,41687,16.5,2333.0,2326.0,117797.0,114611.0,2.471454317961053,33.8137125,-85.76135359999998,Anniston-Oxford-Jacksonville,AL,39,20,30,48,15,12
101,12220,"Auburn-Opelika, AL",1660850,48056,35.7,2343.0,2726.0,143468.0,158991.0,4.9871305766204905,32.6454116,-85.3782795,Auburn-Opelika,AL,39,20,30,48,15,12
102,13820,"Birmingham-Hoover, AL",12789905,52226,29.9,25246.0,25821.0,1132264.0,1147417.0,0.9268918780696987,33.405386699999994,-86.8113781,Birmingham-Hoover,AL,39,20,30,48,15,12
103,19460,"Decatur, AL",1445715,44575,18.1,3061.0,2960.0,154070.0,152256.0,-2.1474724595959014,34.605925299999996,-86.9833417,Decatur,AL,39,20,30,48,15,12
104,20020,"Dothan, AL",1274740,41040,17.6,3463.0,3409.0,146562.0,147834.0,-2.4063491838023183,31.223231300000002,-85.39048879999999,Dothan,AL,39,20,30,48,15,12
105,22520,"Florence-Muscle Shoals, AL",1581595,45287,20.8,3225.0,3260.0,147293.0,146534.0,1.6088612077542068,34.7448112,-87.66752919999998,Florence-Muscle Shoals,AL,39,20,30,48,15,12
106,23460,"Gadsden, AL",1011130,41152,15.6,1979.0,1974.0,104303.0,102564.0,1.4385900439462749,34.014264000000004,-86.00663859999999,Gadsden,AL,39,20,30,48,15,12
107,26620,"Huntsville, AL",4568010,58238,36.8,9225.0,9697.0,425480.0,449720.0,-0.5492713683696346,34.730368799999994,-86.5861037,Huntsville,AL,39,20,30,48,15,12
108,33660,"Mobile, AL",4100480,45744,23.7,8659.0,8736.0,412577.0,414836.0,0.3398532114059392,30.6953657,-88.0398912,Mobile,AL,39,20,30,48,15,12
109,33860,"Montgomery, AL",3709700,47265,28.4,7586.0,7713.0,378582.0,376163.0,2.3279747607942256,32.3792233,-86.3077368,Montgomery,AL,39,20,30,48,15,12
110,46220,"Tuscaloosa, AL",2298330,46086,27.7,4254.0,4531.0,220720.0,239593.0,-1.8785090593737173,33.2098407,-87.56917349999998,Tuscaloosa,AL,39,20,30,48,15,12
111,11540,"Appleton, WI",2378430,63902,27.9,5838.0,5905.0,227403.0,234079.0,-1.7371066830956774,44.2619309,-88.41538469999998,Appleton,WI,32,35,39,8,21,41
112,20740,"Eau Claire, WI",1552030,51058,25.7,4200.0,4291.0,162657.0,166614.0,-0.2597410781807071,44.811349,-91.4984941,Eau Claire,WI,32,35,39,8,21,41
113,22540,"Fond du Lac, WI",1046615,58310,23.8,2393.0,2358.0,102079.0,102144.0,-1.5253041648731078,43.7730448,-88.44705079999999,Fond du Lac,WI,32,35,39,8,21,41
114,24580,"Green Bay, WI",3242710,58011,26.7,7523.0,7727.0,309469.0,318236.0,-0.11789304806202895,44.51331879999999,-88.0132958,Green Bay,WI,32,35,39,8,21,41
115,27500,"Janesville-Beloit, WI",1759780,50729,21.7,3236.0,3330.0,160092.0,161620.0,1.931930244592419,42.5083482,-89.03177649999998,Janesville-Beloit,WI,32,35,39,8,21,41
116,31540,"Madison, WI",7376165,68497,46.6,15105.0,17077.0,576467.0,648929.0,0.4310763239714455,43.07305170000001,-89.4012302,Madison,WI,32,35,39,8,21,41
117,33340,"Milwaukee-Waukesha-West Allis, WI",17005360,58029,34.9,37705.0,38402.0,1562216.0,1572482.0,1.1836395467250431,43.0166806,-88.0070315,Milwaukee-Waukesha-West Allis,WI,32,35,39,8,21,41
118,36780,"Oshkosh-Neenah, WI",1564975,56754,28.4,3525.0,3564.0,167699.0,169886.0,-0.1951937231500207,44.1858193,-88.462609,Oshkosh-Neenah,WI,32,35,39,8,21,41
119,39540,"Racine, WI",2158125,55706,23.0,4037.0,4024.0,195388.0,195140.0,-0.19534230983063672,42.7261309,-87.78285230000002,Racine,WI,32,35,39,8,21,41
120,43100,"Sheboygan, WI",1041390,54059,25.6,2674.0,2662.0,115149.0,115427.0,-0.6885299271770274,43.750828399999996,-87.71453000000001,Sheboygan,WI,32,35,39,8,21,41
121,48140,"Wausau, WI",1319800,54774,24.7,3371.0,3353.0,134400.0,135603.0,-1.4163776235028471,44.9591352,-89.6301221,Wausau,WI,32,35,39,8,21,41
122,11700,"Asheville, NC",4126900,50541,33.4,11362.0,12552.0,428906.0,452319.0,4.755162842313157,35.5950581,-82.5514869,Asheville,NC,12,3,16,20,33,7
123,15500,"Burlington, NC",1757810,45100,22.4,3153.0,3215.0,153291.0,159688.0,-2.11832733678438,36.0956918,-79.43779909999998,Burlington,NC,12,3,16,20,33,7
124,20500,"Durham-Chapel Hill, NC",6332885,56182,47.0,11593.0,12702.0,512979.0,559535.0,0.4496901555368337,35.913199600000006,-79.05584449999999,Durham-Chapel Hill,NC,12,3,16,20,33,7
125,22180,"Fayetteville, NC",3605750,45293,23.7,6018.0,6044.0,374157.0,380389.0,-1.213363817703052,35.0526641,-78.87835849999998,Fayetteville,NC,12,3,16,20,33,7
126,24140,"Goldsboro, NC",1068515,41711,17.6,2169.0,2137.0,123697.0,124150.0,-1.8348322303048452,35.3848841,-77.9927651,Goldsboro,NC,12,3,16,20,33,7
127,24660,"Greensboro-High Point, NC",7186710,46135,28.4,17328.0,17487.0,730966.0,756139.0,-2.4421077180407664,35.955692299999995,-80.0053176,Greensboro-High Point,NC,12,3,16,20,33,7
128,24780,"Greenville, NC",1631530,46573,31.6,3751.0,3593.0,192690.0,177220.0,4.149358087138102,35.612660999999996,-77.3663538,Greenville,NC,12,3,16,20,33,7
129,25860,"Hickory-Lenoir-Morganton, NC",3435775,42572,17.0,7476.0,7355.0,364567.0,364187.0,-1.5158593618340137,35.7771691,-81.33994140000001,Hickory-Lenoir-Morganton,NC,12,3,16,20,33,7
130,27340,"Jacksonville, NC",1772625,47150,18.6,2710.0,2752.0,179719.0,187136.0,-2.4750379856739797,34.7540524,-77.43024140000001,Jacksonville,NC,12,3,16,20,33,7
131,39580,"Raleigh, NC",15911975,71685,47.2,28873.0,32560.0,1163515.0,1302946.0,0.7019904938676893,35.7795897,-78.6381787,Raleigh,NC,12,3,16,20,33,7
132,40580,"Rocky Mount, NC",1418825,38972,17.0,2921.0,2773.0,152157.0,147323.0,-1.951784112862854,35.938210299999994,-77.7905339,Rocky Mount,NC,12,3,16,20,33,7
133,48900,"Wilmington, NC",2569810,50155,36.5,9762.0,8291.0,369685.0,282573.0,11.114127086271317,34.2103894,-77.88681170000001,Wilmington,NC,12,3,16,20,33,7
134,49180,"Winston-Salem, NC",6691190,47711,26.4,10158.0,13255.0,482025.0,662079.0,-4.998322521701837,36.09985959999999,-80.24421600000001,Winston-Salem,NC,12,3,16,20,33,7
135,12100,"Atlantic City-Hammonton, NJ",2866405,56778,27.6,6408.0,6302.0,274338.0,270991.0,-0.4395166488177665,39.63650560000001,-74.8023853,Atlantic City-Hammonton,NJ,50,47,50,45,48,32
136,36140,"Ocean City, NJ",873095,62548,31.5,3801.0,3841.0,96601.0,94430.0,3.375606384816042,39.277615600000004,-74.5746001,Ocean City,NJ,50,47,50,45,48,32
137,45940,"Trenton, NJ",4772805,77650,42.7,9615.0,9675.0,367063.0,371023.0,-0.44995465440425453,40.2205824,-74.75971700000001,Trenton,NJ,50,47,50,45,48,32
138,47220,"Vineland-Bridgeton, NJ",1449900,49110,13.8,2923.0,2815.0,157095.0,153797.0,-1.6296804160438014,39.427337,-75.2340768,Vineland-Bridgeton,NJ,50,47,50,45,48,32
139,12540,"Bakersfield, CA",7239115,49903,16.3,11982.0,12724.0,851710.0,884788.0,2.2225870047960967,35.3732921,-119.0187125,Bakersfield,CA,49,31,49,43,14,17
140,17020,"Chico, CA",1739430,45177,25.8,4606.0,4627.0,220266.0,226864.0,-2.4656832817744374,39.728494399999995,-121.8374777,Chico,CA,49,31,49,43,14,17
141,20940,"El Centro, CA",1216315,49095,13.9,2350.0,2519.0,177057.0,180883.0,4.9241970329709925,32.792,-115.56305139999999,El Centro,CA,49,31,49,43,14,17
142,23420,"Fresno, CA",8320315,48715,20.2,15700.0,16619.0,942904.0,979915.0,1.8554584498440811,36.737798100000006,-119.78712469999999,Fresno,CA,49,31,49,43,14,17
143,25260,"Hanford-Corcoran, CA",1167310,53234,11.6,1599.0,1596.0,153765.0,149785.0,2.4645393857524653,36.0988489,-119.88152029999999,Hanford-Corcoran,CA,49,31,49,43,14,17
144,31460,"Madera, CA",1353210,51657,11.8,1882.0,1950.0,152925.0,154697.0,2.4263247814656053,36.961335600000005,-120.0607176,Madera,CA,49,31,49,43,14,17
145,32900,"Merced, CA",2600920,47739,13.5,2830.0,3041.0,259898.0,268672.0,3.946653936250973,37.3021632,-120.48296770000002,Merced,CA,49,31,49,43,14,17
146,33700,"Modesto, CA",5938285,54305,16.2,8289.0,8866.0,518522.0,541560.0,2.410902936928256,37.63909719999999,-120.99687820000001,Modesto,CA,49,31,49,43,14,17
147,34900,"Napa, CA",1582710,75077,35.1,3880.0,4216.0,138088.0,142166.0,5.542911865336458,38.2975381,-122.28686499999999,Napa,CA,49,31,49,43,14,17
148,37100,"Oxnard-Thousand Oaks-Ventura, CA",10017400,80135,33.6,19576.0,20909.0,831771.0,849738.0,4.550963760706008,34.1705609,-118.83759369999999,Oxnard-Thousand Oaks-Ventura,CA,49,31,49,43,14,17
149,39820,"Redding, CA",1376210,46724,21.8,4205.0,4148.0,177774.0,179631.0,-2.3753017903904787,40.5865396,-122.3916754,Redding,CA,49,31,49,43,14,17
150,40140,"Riverside-San Bernardino-Ontario, CA",57658560,58236,21.0,64625.0,71807.0,4304997.0,4527837.0,5.6448414933076885,34.0633443,-117.65088759999999,Riverside-San Bernardino-Ontario,CA,49,31,49,43,14,17
151,40900,"Sacramento--Roseville--Arden-Arcade, CA",25684735,64052,32.6,44300.0,48044.0,2176235.0,2296418.0,2.775661430685456,38.6008071,-121.37703359999999,Sacramento--Roseville--Arden-Arcade,CA,49,31,49,43,14,17
152,41500,"Salinas, CA",4203045,63876,24.8,8216.0,8632.0,421898.0,435232.0,1.844516039866772,36.6777372,-121.6555013,Salinas,CA,49,31,49,43,14,17
153,41740,"San Diego-Carlsbad, CA",38704200,70824,37.4,75837.0,83146.0,3140069.0,3317749.0,3.7661923430751902,33.158093300000004,-117.3505939,San Diego-Carlsbad,CA,49,31,49,43,14,17
154,41860,"San Francisco-Oakland-Hayward, CA",73356120,96677,48.5,117920.0,128309.0,4391037.0,4679166.0,2.110004102890816,37.774927399999996,-122.4194254,San Francisco-Oakland-Hayward,CA,49,31,49,43,14,17
155,41940,"San Jose-Sunnyvale-Santa Clara, CA",26506185,110040,50.1,45462.0,49243.0,1865450.0,1978816.0,2.11138468091356,37.354107899999995,-121.9552356,San Jose-Sunnyvale-Santa Clara,CA,49,31,49,43,14,17
156,42020,"San Luis Obispo-Paso Robles-Arroyo Grande, CA",2892755,70564,36.2,7720.0,8227.0,271969.0,282887.0,2.4543993023377406,35.6242559,-120.69026880000001,San Luis Obispo-Paso Robles-Arroyo Grande,CA,49,31,49,43,14,17
157,42100,"Santa Cruz-Watsonville, CA",3287520,77613,40.5,6673.0,7028.0,264298.0,274673.0,1.3417813234413978,36.910231,-121.7568946,Santa Cruz-Watsonville,CA,49,31,49,43,14,17
158,42220,"Santa Rosa, CA",5781110,73929,33.9,13080.0,13887.0,488116.0,503070.0,3.0137781544254056,38.440428999999995,-122.7140548,Santa Rosa,CA,49,31,49,43,14,17
159,44700,"Stockton-Lodi, CA",9369825,59518,16.7,10697.0,11237.0,696214.0,733709.0,-0.3201694906227929,38.1341477,-121.27221940000001,Stockton-Lodi,CA,49,31,49,43,14,17
160,46700,"Vallejo-Fairfield, CA",6326090,73900,25.4,6629.0,6984.0,416471.0,440207.0,-0.3255074938083743,38.1040864,-122.25663670000002,Vallejo-Fairfield,CA,49,31,49,43,14,17
161,47300,"Visalia-Porterville, CA",3701240,45881,13.7,6109.0,6301.0,449253.0,460437.0,0.6375660759122548,36.1341739,-118.8596804,Visalia-Porterville,CA,49,31,49,43,14,17
162,49700,"Yuba City, CA",1888955,50775,17.2,2475.0,2524.0,167497.0,171926.0,-0.6473120864661398,39.1404477,-121.6169108,Yuba City,CA,49,31,49,43,14,17
163,12580,"Baltimore-Columbia-Towson, MD",41451070,76788,39.5,64425.0,67109.0,2729110.0,2798886.0,1.5692325902762194,39.372594,-76.64127119999998,Baltimore-Columbia-Towson,MD,40,22,45,18,42,28
164,12620,"Bangor, ME",1513995,47328,25.0,4127.0,4144.0,153786.0,151806.0,1.7215904421595083,44.801612799999994,-68.7712257,Bangor,ME,30,41,24,7,41,24
165,30340,"Lewiston-Auburn, ME",1247610,49081,21.7,2749.0,2746.0,107398.0,107319.0,-0.035598611810392776,44.100351,-70.21477639999999,Lewiston-Auburn,ME,30,41,24,7,41,24
166,38860,"Portland-South Portland, ME",6602930,63422,39.1,17062.0,17794.0,515807.0,529657.0,1.5631504161330814,43.6414716,-70.2408811,Portland-South Portland,ME,30,41,24,7,41,24
167,12700,"Barnstable Town, MA",2112535,67898,43.5,8116.0,8596.0,215769.0,214276.0,6.652216763479973,41.7003208,-70.3002024,Barnstable Town,MA,29,37,11,13,46,50
168,38340,"Pittsfield, MA",1256235,58418,33.7,3985.0,3896.0,130458.0,126903.0,0.50541235265683,42.450084499999996,-73.2453824,Pittsfield,MA,29,37,11,13,46,50
169,44140,"Springfield, MA",6436785,54855,31.1,14682.0,13303.0,693204.0,630283.0,-0.34712379682512257,42.1014831,-72.589811,Springfield,MA,29,37,11,13,46,50
170,13380,"Bellingham, WA",2203565,56411,32.9,6117.0,6550.0,203663.0,216800.0,0.5902015555221719,48.7519112,-122.4786854,Bellingham,WA,20,44,6,49,25,19
171,14740,"Bremerton-Silverdale, WA",3546675,69171,31.9,5541.0,5795.0,254633.0,264811.0,0.5643279374461779,47.6445386,-122.6948697,Bremerton-Silverdale,WA,20,44,6,49,25,19
172,28420,"Kennewick-Richland, WA",2649125,61021,25.9,5277.0,5797.0,264133.0,283846.0,2.2247581635957503,46.2086683,-119.119948,Kennewick-Richland,WA,20,44,6,49,25,19
173,31020,"Longview, WA",987010,50637,17.1,2149.0,2150.0,102478.0,105160.0,-2.505052904382349,46.1381676,-122.9381672,Longview,WA,20,44,6,49,25,19
174,34580,"Mount Vernon-Anacortes, WA",1327440,60983,24.4,3358.0,3457.0,118109.0,123681.0,-1.6897745149762526,48.5103428,-122.6119752,Mount Vernon-Anacortes,WA,20,44,6,49,25,19
175,36500,"Olympia-Tumwater, WA",2837245,65783,35.2,5733.0,6092.0,256591.0,275222.0,-0.931354385968174,47.007318700000006,-122.90930630000001,Olympia-Tumwater,WA,20,44,6,49,25,19
176,42660,"Seattle-Tacoma-Bellevue, WA",56206335,78612,42.0,95613.0,103741.0,3500026.0,3798902.0,-0.035300396676284825,47.6061031,-122.33205339999999,Seattle-Tacoma-Bellevue,WA,20,44,6,49,25,19
177,44060,"Spokane-Spokane Valley, WA",5295645,52955,29.6,12151.0,13926.0,473761.0,556264.0,-2.3903574650783206,47.6732281,-117.2393748,Spokane-Spokane Valley,WA,20,44,6,49,25,19
178,48300,"Wenatchee, WA",899055,52231,23.4,3044.0,3278.0,112448.0,117665.0,2.912644323711723,47.4234599,-120.31034939999999,Wenatchee,WA,20,44,6,49,25,19
179,49420,"Yakima, WA",1877340,48965,15.9,4583.0,4674.0,247141.0,249636.0,0.9662985737519706,46.6020711,-120.5058987,Yakima,WA,20,44,6,49,25,19
180,13460,"Bend-Redmond, OR",1422015,61870,32.8,5695.0,6889.0,160338.0,181307.0,6.975505285436602,44.1223322,-121.3169209,Bend-Redmond,OR,7,30,36,4,17,37
181,18700,"Corvallis, OR",736560,55459,54.2,2003.0,2119.0,85928.0,89385.0,1.699792426927092,44.5645659,-123.2620435,Corvallis,OR,7,30,36,4,17,37
182,21660,"Eugene, OR",3227340,47777,28.8,9437.0,9819.0,353416.0,369519.0,-0.4863311040465976,44.0520691,-123.08675359999998,Eugene,OR,7,30,36,4,17,37
183,32780,"Medford, OR",1557500,48563,26.5,5704.0,6107.0,204822.0,216527.0,1.277494060887268,42.3265152,-122.8755949,Medford,OR,7,30,36,4,17,37
184,41420,"Salem, OR",4358625,55903,24.0,8813.0,9459.0,394865.0,418139.0,1.3559899015207313,44.9428975,-123.03509629999999,Salem,OR,7,30,36,4,17,37
185,13740,"Billings, MT",1481165,58037,31.6,5779.0,6037.0,159712.0,169736.0,-1.7048553309291865,45.783285600000006,-108.50069040000001,Billings,MT,5,12,22,3,10,21
186,24500,"Great Falls, MT",542235,45138,23.3,2429.0,2410.0,81837.0,81755.0,-0.6826997864040549,47.5052849,-111.30077150000001,Great Falls,MT,5,12,22,3,10,21
187,33540,"Missoula, MT",1090120,46550,41.1,4081.0,4386.0,110138.0,116130.0,1.9283026843844369,46.8721284,-113.9940314,Missoula,MT,5,12,22,3,10,21
188,13900,"Bismarck, ND",1323610,65527,30.1,3484.0,3920.0,110879.0,131547.0,-5.1633350814087295,46.808326799999996,-100.7837392,Bismarck,ND,17,23,20,32,6,14
189,13980,"Blacksburg-Christiansburg-Radford, VA",1708135,50950,34.9,3193.0,3473.0,160866.0,183411.0,-4.600796429736059,37.13179239999999,-80.5764477,Blacksburg-Christiansburg-Radford,VA,22,10,35,10,30,43
190,16820,"Charlottesville, VA",2478515,62523,44.5,5537.0,6124.0,202406.0,229467.0,-2.441794548412628,38.029305900000004,-78.47667810000002,Charlottesville,VA,22,10,35,10,30,43
191,25500,"Harrisonburg, VA",1190340,51369,29.3,2958.0,3038.0,126562.0,132822.0,-2.1360110750896038,38.449568799999994,-78.8689155,Harrisonburg,VA,22,10,35,10,30,43
192,31340,"Lynchburg, VA",2698215,48530,26.6,5829.0,5928.0,253713.0,261167.0,-1.2041823496607358,37.4137536,-79.14224639999998,Lynchburg,VA,22,10,35,10,30,43
193,40060,"Richmond, VA",15475680,62929,36.7,30539.0,31416.0,1270541.0,1282066.0,1.9469829073545903,37.540724600000004,-77.4360481,Richmond,VA,22,10,35,10,30,43
194,40220,"Roanoke, VA",3565070,50551,25.7,8062.0,8060.0,307464.0,312576.0,-1.659844284193086,37.270970399999996,-79.9414266,Roanoke,VA,22,10,35,10,30,43
195,14020,"Bloomington, IN",1549985,43693,38.9,3854.0,3333.0,194566.0,166336.0,1.1589470936388508,39.165325,-86.52638569999998,Bloomington,IN,10,18,15,12,2,11
196,18020,"Columbus, IN",732515,59102,33.3,1845.0,1835.0,77870.0,81402.0,-4.857447753858891,39.201440399999996,-85.9213796,Columbus,IN,10,18,15,12,2,11
197,21140,"Elkhart-Goshen, IN",1769315,54216,18.6,4830.0,4856.0,198941.0,203781.0,-1.8495816912531609,41.5822716,-85.83443829999999,Elkhart-Goshen,IN,10,18,15,12,2,11
198,23060,"Fort Wayne, IN",4246250,51519,27.1,10252.0,10424.0,418148.0,431802.0,-1.537427208724682,41.079273,-85.13935129999999,Fort Wayne,IN,10,18,15,12,2,11
199,26900,"Indianapolis-Carmel-Anderson, IN",23228730,56750,33.8,42086.0,46490.0,1777684.0,2001737.0,-1.8999017838964083,39.978371,-86.1180435,Indianapolis-Carmel-Anderson,IN,10,18,15,12,2,11
200,29020,"Kokomo, IN",631550,45702,21.3,2089.0,1776.0,99893.0,82568.0,2.8555693497699424,40.486427,-86.13360329999998,Kokomo,IN,10,18,15,12,2,11
201,33140,"Michigan City-La Porte, IN",1063565,53507,18.2,2387.0,2295.0,111374.0,110015.0,-2.6665347325433197,41.70753939999999,-86.89502970000001,Michigan City-La Porte,IN,10,18,15,12,2,11
202,34620,"Muncie, IN",961875,41041,22.6,2396.0,2435.0,117660.0,115603.0,3.436041404555399,40.1933767,-85.3863599,Muncie,IN,10,18,15,12,2,11
203,45460,"Terre Haute, IN",1634685,46951,21.4,3673.0,3554.0,173275.0,169518.0,-1.095379067866369,39.4667034,-87.41390919999998,Terre Haute,IN,10,18,15,12,2,11
204,14260,"Boise City, ID",6856670,55162,31.3,15991.0,17870.0,627281.0,690214.0,1.5610771528607277,43.6150186,-116.2023137,Boise City,ID,21,26,23,26,4,48
205,17660,"Coeur d'Alene, ID",1392085,51765,25.9,4293.0,4659.0,141132.0,154311.0,-0.7431628144784854,47.67346320000001,-116.78122250000001,Coeur d'Alene,ID,21,26,23,26,4,48
206,26820,"Idaho Falls, ID",1182965,60133,31.3,3613.0,3995.0,132585.0,143776.0,1.966336993197098,43.49266069999999,-112.0407584,Idaho Falls,ID,21,26,23,26,4,48
207,38540,"Pocatello, ID",580520,48429,27.6,2102.0,2017.0,90777.0,84377.0,3.2345175435782263,42.862104200000005,-112.45061909999998,Pocatello,ID,21,26,23,26,4,48
208,14500,"Boulder, CO",3269070,74615,60.6,11419.0,12399.0,299378.0,322226.0,0.8829770221954001,40.0149856,-105.2705456,Boulder,CO,18,16,14,38,12,40
209,17820,"Colorado Springs, CO",7443620,63651,38.4,16427.0,17815.0,660276.0,712327.0,0.5249058569370759,38.8338816,-104.82136340000001,Colorado Springs,CO,18,16,14,38,12,40
210,19740,"Denver-Aurora-Lakewood, CO",37932540,71926,42.5,73419.0,82462.0,2600594.0,2853077.0,2.3774863857618675,39.5142848,-104.8454619,Denver-Aurora-Lakewood,CO,18,16,14,38,12,40
211,22660,"Fort Collins, CO",3708450,66469,46.8,9356.0,10577.0,305525.0,339993.0,1.5895574413700972,40.5852602,-105.084423,Fort Collins,CO,18,16,14,38,12,40
212,24300,"Grand Junction, CO",1136125,48846,25.0,4529.0,4362.0,147083.0,150083.0,-5.612535965912502,39.0638705,-108.5506486,Grand Junction,CO,18,16,14,38,12,40
213,24540,"Greeley, CO",3579380,63400,27.2,5125.0,5922.0,258638.0,294932.0,1.3316164817487623,40.42331420000001,-104.7091322,Greeley,CO,18,16,14,38,12,40
214,39380,"Pueblo, CO",1388260,44677,21.2,3093.0,3086.0,160545.0,165123.0,-2.9925215845768847,38.2544472,-104.60914090000001,Pueblo,CO,18,16,14,38,12,40
215,14540,"Bowling Green, KY",1690700,45649,26.5,2889.0,3538.0,128341.0,174560.0,-9.960935851688138,36.9685219,-86.48080429999999,Bowling Green,KY,23,27,17,14,35,47
216,21060,"Elizabethtown-Fort Knox, KY",1547060,51936,22.0,2510.0,2908.0,120373.0,150447.0,-7.302881768240341,37.88366370000001,-85.9652686,Elizabethtown-Fort Knox,KY,23,27,17,14,35,47
217,30460,"Lexington-Fayette, KY",5177110,53769,37.2,11644.0,12526.0,479244.0,506751.0,1.7354430055978471,38.040583700000006,-84.50371640000002,Lexington-Fayette,KY,23,27,17,14,35,47
218,36980,"Owensboro, KY",1035670,52328,21.1,2553.0,2630.0,118118.0,119706.0,1.6494655279242616,37.771907399999996,-87.1111676,Owensboro,KY,23,27,17,14,35,47
219,14860,"Bridgeport-Stamford-Norwalk, CT",13268820,90123,46.6,26725.0,27134.0,925899.0,944177.0,-0.43509012788328577,41.2559654,-73.37086959999998,Bridgeport-Stamford-Norwalk,CT,47,29,43,30,50,23
220,25540,"Hartford-West Hartford-East Hartford, CT",14035560,72559,38.2,29007.0,29461.0,1213255.0,1206836.0,2.1053509029528357,41.76580429999999,-72.6733723,Hartford-West Hartford-East Hartford,CT,47,29,43,30,50,23
221,35300,"New Haven-Milford, CT",9954740,66176,35.1,19261.0,19597.0,861113.0,856875.0,2.2476734811534245,41.2306979,-73.064036,New Haven-Milford,CT,47,29,43,30,50,23
222,35980,"Norwich-New London, CT",3301015,70699,32.5,5675.0,5865.0,273502.0,269801.0,4.765695884813264,41.5242649,-72.07591049999998,Norwich-New London,CT,47,29,43,30,50,23
223,15540,"Burlington-South Burlington, VT",2450070,66367,43.2,6595.0,6879.0,213624.0,217411.0,2.4894207753844944,44.475882500000004,-73.21207199999998,Burlington-South Burlington,VT,41,38,37,15,49,20
224,15980,"Cape Coral-Fort Myers, FL",7568490,52909,28.3,15629.0,18143.0,631330.0,722336.0,1.460051035334375,26.640628000000003,-81.87230840000001,Cape Coral-Fort Myers,FL,4,6,1,22,11,2
225,19660,"Deltona-Daytona Beach-Ormond Beach, FL",6312005,46090,23.9,11693.0,14674.0,494804.0,637674.0,-2.6228505669318216,29.039621899999997,-81.2518833,Deltona-Daytona Beach-Ormond Beach,FL,4,6,1,22,11,2
226,23540,"Gainesville, FL",2729115,45279,37.5,5929.0,6343.0,265246.0,281796.0,0.6994921266422508,29.6516344,-82.32482619999998,Gainesville,FL,4,6,1,22,11,2
227,27260,"Jacksonville, FL",18187500,56840,30.7,33538.0,37310.0,1358593.0,1478212.0,2.244684166347352,30.3321838,-81.65565099999998,Jacksonville,FL,4,6,1,22,11,2
228,29460,"Lakeland-Winter Haven, FL",6667045,46355,20.1,10718.0,11530.0,609492.0,666149.0,-1.5734678604919248,28.0222435,-81.7328567,Lakeland-Winter Haven,FL,4,6,1,22,11,2
229,33100,"Miami-Fort Lauderdale-West Palm Beach, FL",79968880,51362,30.5,172255.0,191720.0,5670125.0,6066387.0,4.029881619037736,26.3013917,-80.6326916,Miami-Fort Lauderdale-West Palm Beach,FL,4,6,1,22,11,2
230,34940,"Naples-Immokalee-Marco Island, FL",3415685,61228,33.9,9888.0,11698.0,328134.0,365136.0,6.3162716894845925,26.175453,-81.798949,Naples-Immokalee-Marco Island,FL,4,6,1,22,11,2
231,36100,"Ocala, FL",2891950,39383,18.0,6638.0,7004.0,332529.0,349020.0,0.5282451519356887,29.187198600000002,-82.14009229999998,Ocala,FL,4,6,1,22,11,2
232,36740,"Orlando-Kissimmee-Sanford, FL",31186230,52385,30.9,54922.0,63244.0,2171360.0,2441257.0,2.421543821241898,28.5828156,-81.33994140000001,Orlando-Kissimmee-Sanford,FL,4,6,1,22,11,2
233,37340,"Palm Bay-Melbourne-Titusville, FL",5553755,51184,29.3,12746.0,13927.0,543566.0,579130.0,2.555718713095095,28.263933,-80.7214417,Palm Bay-Melbourne-Titusville,FL,4,6,1,22,11,2
234,37460,"Panama City, FL",1929810,47548,22.8,4374.0,4913.0,169856.0,200893.0,-5.030517022245566,30.158812899999997,-85.6602058,Panama City,FL,4,6,1,22,11,2
235,37860,"Pensacola-Ferry Pass-Brent, FL",4818015,50496,27.1,8961.0,9435.0,453218.0,485684.0,-1.7485925171547283,30.468807899999998,-87.23608259999999,Pensacola-Ferry Pass-Brent,FL,4,6,1,22,11,2
236,38940,"Port St. Lucie, FL",4917720,48746,24.1,9748.0,11002.0,427874.0,465208.0,3.806570359917964,27.273049199999996,-80.3582261,Port St. Lucie,FL,4,6,1,22,11,2
237,39460,"Punta Gorda, FL",1301990,44200,23.7,3542.0,3883.0,160511.0,178465.0,-1.4014387357473768,26.9297836,-82.0453664,Punta Gorda,FL,4,6,1,22,11,2
238,42680,"Sebastian-Vero Beach, FL",1047775,49072,28.7,3840.0,4249.0,138894.0,151563.0,1.4018314578756002,27.6386434,-80.39727359999998,Sebastian-Vero Beach,FL,4,6,1,22,11,2
239,45220,"Tallahassee, FL",3879000,50654,39.3,8540.0,8943.0,370292.0,380110.0,2.0141450487308137,30.4382559,-84.28073289999998,Tallahassee,FL,4,6,1,22,11,2
240,45300,"Tampa-St. Petersburg-Clearwater, FL",34397625,51115,28.8,69369.0,77204.0,2824724.0,3032171.0,3.6804081690524972,28.274347,-82.38857829999998,Tampa-St. Petersburg-Clearwater,FL,4,6,1,22,11,2
241,16180,"Carson City, NV",429360,52196,20.4,2067.0,1916.0,55439.0,54742.0,-6.125041994503058,39.1637984,-119.76740339999999,Carson City,NV,9,33,5,40,8,45
242,29820,"Las Vegas-Henderson-Paradise, NV",23560655,54384,23.3,39343.0,44564.0,1969975.0,2155664.0,3.5133439490025813,36.079561299999995,-115.094045,Las Vegas-Henderson-Paradise,NV,9,33,5,40,8,45
243,39900,"Reno, NV",4602465,58056,29.2,11629.0,12258.0,429767.0,457387.0,-0.9563824488485204,39.529632899999996,-119.8138027,Reno,NV,9,33,5,40,8,45
244,16220,"Casper, WY",652605,59474,23.5,2902.0,2953.0,76366.0,81039.0,-4.110289224486112,42.8500769,-106.32517490000001,Casper,WY,1,1,1,6,38,36
245,16940,"Cheyenne, WY",712180,62221,27.3,2780.0,3234.0,92680.0,98136.0,9.863363894357736,41.1399814,-104.8202462,Cheyenne,WY,1,1,1,6,38,36
246,16580,"Champaign-Urbana, IL",2136905,50564,42.3,4825.0,4858.0,232050.0,239872.0,-2.599270560879434,40.116420399999996,-88.2433829,Champaign-Urbana,IL,36,39,13,36,45,42
247,19180,"Danville, IL",534060,45481,14.0,1492.0,1411.0,81509.0,78111.0,-1.314906301450502,40.124481,-87.6300207,Danville,IL,36,39,13,36,45,42
248,19500,"Decatur, IL",765370,46198,21.6,2478.0,2441.0,110730.0,106550.0,2.3713247199475527,39.84031470000001,-88.9548001,Decatur,IL,36,39,13,36,45,42
249,28100,"Kankakee, IL",1157005,54911,19.1,2361.0,2325.0,113698.0,110008.0,1.7783782295329431,41.1200325,-87.8611531,Kankakee,IL,36,39,13,36,45,42
250,37900,"Peoria, IL",3372065,57090,27.7,8549.0,8403.0,380961.0,376044.0,-0.4225728611666717,40.6936488,-89.58898640000001,Peoria,IL,36,39,13,36,45,42
251,40420,"Rockford, IL",3420510,50324,21.8,7388.0,7290.0,348360.0,339376.0,1.2856213806787409,42.2711311,-89.09399520000001,Rockford,IL,36,39,13,36,45,42
252,44100,"Springfield, IL",1881355,53798,34.9,5312.0,5181.0,211282.0,208892.0,-1.3501981640250338,39.78172130000001,-89.6501481,Springfield,IL,36,39,13,36,45,42
253,16620,"Charleston, WV",1882495,41689,22.7,7086.0,5228.0,304270.0,219579.0,2.235744159669252,38.3498195,-81.6326234,Charleston,WV,19,13,28,17,18,30
254,34060,"Morgantown, WV",1347130,50120,32.7,2743.0,2868.0,132251.0,138380.0,-0.07389080151833079,39.629526,-79.95589679999998,Morgantown,WV,19,13,28,17,18,30
255,37620,"Parkersburg-Vienna, WV",669195,46594,23.9,3715.0,2079.0,162488.0,90554.0,0.4174816118434198,39.282148,-81.5377013,Parkersburg-Vienna,WV,19,13,28,17,18,30
256,16700,"Charleston-North Charleston, SC",9017690,57659,34.8,16376.0,18583.0,682121.0,761155.0,1.6942300958384904,32.8771106,-80.01305140000001,Charleston-North Charleston,SC,35,19,34,34,27,27
257,17900,"Columbia, SC",9051235,52247,32.9,16681.0,17207.0,775897.0,816450.0,-1.9703266177675467,34.0007104,-81.0348144,Columbia,SC,35,19,34,34,27,27
258,22500,"Florence, SC",1932180,42200,20.7,4228.0,4211.0,206161.0,205976.0,-0.3126262076293739,34.1954331,-79.7625625,Florence,SC,35,19,34,34,27,27
259,24860,"Greenville-Anderson-Mauldin, SC",9199395,50644,28.7,14950.0,19520.0,647401.0,884975.0,-4.482931692891198,34.778729999999996,-82.310119,Greenville-Anderson-Mauldin,SC,35,19,34,34,27,27
260,43900,"Spartanburg, SC",3379800,46554,21.2,6142.0,6639.0,286868.0,329136.0,-5.789442173266815,34.949567200000004,-81.93204820000001,Spartanburg,SC,35,19,34,34,27,27
261,44940,"Sumter, SC",963350,40614,19.5,1784.0,1773.0,107460.0,107396.0,-0.5573668349832859,33.9204354,-80.3414693,Sumter,SC,35,19,34,34,27,27
262,17420,"Cleveland, TN",1188345,44881,21.4,2065.0,2116.0,119879.0,123861.0,-0.8245597809760603,35.1595182,-84.8766115,Cleveland,TN,16,24,8,46,29,22
263,27180,"Jackson, TN",1031165,42373,19.1,2795.0,2956.0,116995.0,129527.0,-4.472236005304174,35.6145169,-88.81394689999998,Jackson,TN,16,24,8,46,29,22
264,27740,"Johnson City, TN",1816895,40943,25.5,3772.0,3781.0,199818.0,200449.0,-0.07694417443233363,36.3134397,-82.35347270000001,Johnson City,TN,16,24,8,46,29,22
265,28940,"Knoxville, TN",8861025,49862,29.2,15843.0,18087.0,704500.0,869076.0,-7.455128441968527,35.96063839999999,-83.9207392,Knoxville,TN,16,24,8,46,29,22
266,34100,"Morristown, TN",1073680,44348,17.1,2173.0,1996.0,137494.0,117320.0,7.649620477832178,36.2139814,-83.29489219999998,Morristown,TN,16,24,8,46,29,22
267,34980,"Nashville-Davidson--Murfreesboro--Franklin, TN",24157910,60030,34.2,37102.0,42739.0,1620403.0,1865535.0,0.0568145659071708,35.8456213,-86.39027,Nashville-Davidson--Murfreesboro--Franklin,TN,16,24,8,46,29,22
268,17860,"Columbia, MO",1511455,52752,43.9,4568.0,4671.0,175065.0,176594.0,1.369465455576052,38.95170529999999,-92.33407240000001,Columbia,MO,14,4,25,25,7,8
269,27620,"Jefferson City, MO",1394515,55031,27.1,3548.0,3597.0,152370.0,148915.0,3.733217435504264,38.57670170000001,-92.17351640000001,Jefferson City,MO,14,4,25,25,7,8
270,27900,"Joplin, MO",1391615,45876,20.0,4196.0,4041.0,176849.0,177805.0,-4.211800536941732,37.08422710000001,-94.513281,Joplin,MO,14,4,25,25,7,8
271,44180,"Springfield, MO",4431550,45337,26.5,10981.0,12003.0,438094.0,456434.0,4.914914742171859,37.20895720000001,-93.2922989,Springfield,MO,14,4,25,25,7,8
272,20100,"Dover, DE",2008270,54140,22.6,3177.0,3422.0,164834.0,174827.0,1.5549467717066603,39.158167999999996,-75.5243682,Dover,DE,11,50,41,2,9,3
273,22380,"Flagstaff, AZ",975490,55091,35.4,3529.0,3650.0,134511.0,140908.0,-1.2667673095845549,35.1982836,-111.651302,Flagstaff,AZ,27,17,19,47,5,13
274,29420,"Lake Havasu City-Kingman, AZ",1434415,42423,11.3,3600.0,3697.0,202351.0,205249.0,1.2444568683783013,34.483901,-114.32245479999999,Lake Havasu City-Kingman,AZ,27,17,19,47,5,13
275,38060,"Phoenix-Mesa-Scottsdale, AZ",52062550,58075,30.8,86667.0,94758.0,4263236.0,4661537.0,-0.006363910934556552,33.4151843,-111.83147240000001,Phoenix-Mesa-Scottsdale,AZ,27,17,19,47,5,13
276,39140,"Prescott, AZ",1788265,50420,24.0,5495.0,5825.0,211888.0,225562.0,-0.42079426336171,34.540024200000005,-112.46850249999999,Prescott,AZ,27,17,19,47,5,13
277,46060,"Tucson, AZ",9952415,47560,31.9,20059.0,20180.0,989569.0,1016206.0,-2.0338117404386193,32.2226066,-110.9747108,Tucson,AZ,27,17,19,47,5,13
278,49740,"Yuma, AZ",1520700,43518,15.4,2897.0,2963.0,200870.0,205631.0,-0.08984141586823634,32.6926512,-114.62769159999999,Yuma,AZ,27,17,19,47,5,13
279,25060,"Gulfport-Biloxi-Pascagoula, MS",3876770,46434,21.7,5137.0,7175.0,250611.0,391266.0,-10.53763834036451,30.4131137,-89.0727778,Gulfport-Biloxi-Pascagoula,MS,31,15,27,35,36,5
280,25620,"Hattiesburg, MS",1767070,46765,29.0,3305.0,3342.0,146509.0,148803.0,-0.4393785555480176,31.327118900000002,-89.29033919999998,Hattiesburg,MS,31,15,27,35,36,5
281,27140,"Jackson, MS",6313875,50632,29.9,12524.0,13146.0,545394.0,580178.0,-1.3266964989485643,32.298757300000005,-90.1848103,Jackson,MS,31,15,27,35,36,5
282,26300,"Hot Springs, AR",830565,42826,18.3,2663.0,2712.0,97124.0,97477.0,1.4712299078950066,34.50370039999999,-93.05517950000001,Hot Springs,AR,46,40,40,44,26,34
283,27860,"Jonesboro, AR",923275,41717,21.4,2760.0,2841.0,121569.0,129858.0,-3.6356744524286326,35.84229670000001,-90.704279,Jonesboro,AR,46,40,40,44,26,34
284,30780,"Little Rock-North Little Rock-Conway, AR",7375465,51501,30.7,17486.0,17904.0,708084.0,734381.0,-1.27595438593556,35.0886963,-92.44210109999999,Little Rock-North Little Rock-Conway,AR,46,40,40,44,26,34
285,38220,"Pine Bluff, AR",649990,37076,16.7,1642.0,1566.0,99334.0,94071.0,0.7072572792124066,34.2284312,-92.0031955,Pine Bluff,AR,46,40,40,44,26,34
286,29940,"Lawrence, KS",1365145,56345,52.0,2601.0,2713.0,112211.0,119440.0,-2.0069941284368618,38.971668900000004,-95.23525009999999,Lawrence,KS,28,34,21,31,20,15
287,45820,"Topeka, KS",2199490,56548,28.2,5314.0,5157.0,234380.0,233068.0,-2.4081654941617865,39.0473451,-95.6751576,Topeka,KS,28,34,21,31,20,15
288,48620,"Wichita, KS",6031980,53663,30.7,14404.0,14955.0,625039.0,645447.0,0.5425358304124013,37.68717609999999,-97.330053,Wichita,KS,28,34,21,31,20,15
289,30020,"Lawton, OK",803520,50980,20.4,2194.0,2273.0,125815.0,127762.0,2.0219294629940685,34.6035669,-98.3959291,Lawton,OK,26,9,33,39,19,1
290,36420,"Oklahoma City, OK",13937780,55065,29.8,33111.0,35526.0,1278053.0,1373211.0,-0.14136973800596495,35.4675602,-97.5164276,Oklahoma City,OK,26,9,33,39,19,1
291,46140,"Tulsa, OK",9441415,51623,27.2,23852.0,24403.0,947382.0,987958.0,-1.8918546212817229,36.1539816,-95.992775,Tulsa,OK,26,9,33,39,19,1
292,30700,"Lincoln, NE",3320505,59344,39.8,8208.0,8890.0,307165.0,326591.0,1.866627696546702,40.813615999999996,-96.7025955,Lincoln,NE,24,28,26,9,40,9
293,31700,"Manchester-Nashua, NH",5638615,76254,37.3,10635.0,10944.0,401696.0,407761.0,1.3748936540853562,42.7653662,-71.46756599999998,Manchester-Nashua,NH,6,45,9,1,44,44
294,36260,"Ogden-Clearfield, UT",6646710,70227,30.4,11273.0,13665.0,555437.0,656061.0,2.6267826542466524,41.1107771,-112.0260538,Ogden-Clearfield,UT,8,5,10,16,3,16
295,39340,"Provo-Orem, UT",5353710,69288,38.2,10907.0,13056.0,541710.0,602543.0,7.6176825342701235,40.2968979,-111.69464750000002,Provo-Orem,UT,8,5,10,16,3,16
296,41100,"St. George, UT",984155,55056,28.3,3844.0,4795.0,141666.0,160245.0,10.277364048008051,37.0965278,-113.5684164,St. George,UT,8,5,10,16,3,16
297,41620,"Salt Lake City, UT",12744160,68196,33.0,31390.0,32433.0,1145905.0,1186187.0,-0.18604582462897146,40.760779299999996,-111.89104740000002,Salt Lake City,UT,8,5,10,16,3,16
298,39660,"Rapid City, SD",1145225,51097,29.5,4251.0,4756.0,128361.0,143367.0,0.16929915874070933,44.0805434,-103.2310149,Rapid City,SD,3,1,1,33,28,39
299,43620,"Sioux Falls, SD",2440165,63931,34.1,6921.0,7645.0,232347.0,256479.0,0.06769545292968912,43.5473028,-96.72833299999999,Sioux Falls,SD,3,1,1,33,28,39
300,40340,"Rochester, MN",2157455,70078,36.7,4376.0,5141.0,187612.0,215884.0,2.096404386308485,44.0121221,-92.4801989,Rochester,MN,43,42,46,27,31,25
301,41060,"St. Cloud, MN",1973610,56620,25.1,5164.0,5328.0,190014.0,195644.0,0.20676674136195555,45.5579451,-94.1632404,St. Cloud,MN,43,42,46,27,31,25
