Id2,Geography,Travel time to work (min),Median Income,Percent bachelor's degree or higher,Establishments 2011,Establishments 2016,Pop: 2011,Pop: 2016,% Change,LAT,LON,city,state
10180,"Abilene, TX",1313825,48016,20.4,3844.0,3950.0,165858.0,170860.0,-0.25072708632085705,32.4487364,-99.73314390000002,Abilene,TX
10420,"Akron, OH",7359250,51598,31.0,16402.0,16390.0,701456.0,702221.0,-0.18202217004259308,41.0814447,-81.51900529999999,Akron,OH
10500,"Albany, GA",1215320,40667,18.6,3242.0,3123.0,161617.0,152506.0,2.084330368029608,31.5785074,-84.15574099999999,Albany,GA
10580,"Albany-Schenectady-Troy, NY",9953675,65855,37.4,21027.0,21444.0,871478.0,881839.0,0.7849326629413887,42.7636479,-73.65362089999999,Albany-Schenectady-Troy,NY
10740,"Albuquerque, NM",9286780,50954,31.8,18466.0,18645.0,899149.0,913924.0,-0.6629771725937189,35.0843859,-106.650422,Albuquerque,NM
10780,"Alexandria, LA",1579405,42136,19.2,3398.0,3296.0,154505.0,154789.0,-3.1797338077160946,31.3112936,-92.4451371,Alexandria,LA
10900,"Allentown-Bethlehem-Easton, PA-NJ",10791735,63022,28.5,18174.0,18429.0,824916.0,835652.0,0.10033170533641682,40.7291847,-75.2479061,Allentown-Bethlehem-Easton,PA-NJ
11020,"Altoona, PA",1009635,43443,18.3,3200.0,3185.0,127099.0,124650.0,1.4867416265543558,40.5186809,-78.3947359,Altoona,PA
11100,"Amarillo, TX",2334755,54478,23.7,6018.0,6348.0,254635.0,263491.0,1.938220239903086,35.2219971,-101.8312969,Amarillo,TX
11180,"Ames, IA",867915,53371,54.8,2015.0,2030.0,89663.0,97090.0,-6.962131526170879,42.0307812,-93.63191309999999,Ames,IA
11260,"Anchorage, AK",3977595,82203,32.2,10366.0,11002.0,387516.0,402557.0,2.1698349542111006,61.2180556,-149.9002778,Anchorage,AK
11460,"Ann Arbor, MI",4133240,65601,54.8,7889.0,8119.0,347962.0,364709.0,-1.8103022620686378,42.2808256,-83.7430378,Ann Arbor,MI
11500,"Anniston-Oxford-Jacksonville, AL",1140770,41687,16.5,2333.0,2326.0,117797.0,114611.0,2.471454317961053,33.8137125,-85.76135359999999,Anniston-Oxford-Jacksonville,AL
11540,"Appleton, WI",2378430,63902,27.9,5838.0,5905.0,227403.0,234079.0,-1.7371066830956774,44.2619309,-88.41538469999999,Appleton,WI
11700,"Asheville, NC",4126900,50541,33.4,11362.0,12552.0,428906.0,452319.0,4.755162842313157,35.5950581,-82.5514869,Asheville,NC
12020,"Athens-Clarke County, GA",2056830,43165,37.0,4402.0,4660.0,193317.0,206360.0,-0.8299787784350494,33.9519347,-83.357567,Athens-Clarke County,GA
12060,"Atlanta-Sandy Springs-Roswell, GA",83440035,62613,37.7,128050.0,139929.0,5365726.0,5790210.0,1.2656895553334748,33.8498184,-84.4382721,Atlanta-Sandy Springs-Roswell,GA
12100,"Atlantic City-Hammonton, NJ",2866405,56778,27.6,6408.0,6302.0,274338.0,270991.0,-0.4395166488177665,39.6365056,-74.8023853,Atlantic City-Hammonton,NJ
12220,"Auburn-Opelika, AL",1660850,48056,35.7,2343.0,2726.0,143468.0,158991.0,4.9871305766204905,32.6454116,-85.3782795,Auburn-Opelika,AL
12260,"Augusta-Richmond County, GA-SC",5883135,48543,24.6,10218.0,10488.0,560467.0,595147.0,-3.3387118959870574,33.3623499,-82.0407137,Augusta-Richmond County,GA-SC
12420,"Austin-Round Rock, TX",26768530,71000,42.8,41924.0,50759.0,1783519.0,2056405.0,5.007286093937629,30.5082551,-97.678896,Austin-Round Rock,TX
12540,"Bakersfield, CA",7239115,49903,16.3,11982.0,12724.0,851710.0,884788.0,2.222587004796097,35.3732921,-119.0187125,Bakersfield,CA
12580,"Baltimore-Columbia-Towson, MD",41451070,76788,39.5,64425.0,67109.0,2729110.0,2798886.0,1.5692325902762194,39.372594,-76.64127119999999,Baltimore-Columbia-Towson,MD
12620,"Bangor, ME",1513995,47328,25.0,4127.0,4144.0,153786.0,151806.0,1.7215904421595083,44.8016128,-68.7712257,Bangor,ME
12700,"Barnstable Town, MA",2112535,67898,43.5,8116.0,8596.0,215769.0,214276.0,6.652216763479974,41.7003208,-70.3002024,Barnstable Town,MA
12940,"Baton Rouge, LA",9460785,52487,26.9,17725.0,18237.0,808242.0,835175.0,-0.4294093984593096,30.4514677,-91.18714659999999,Baton Rouge,LA
12980,"Battle Creek, MI",1108935,45902,20.2,2670.0,2558.0,135490.0,134386.0,-3.4077029269646446,42.3211522,-85.17971419999999,Battle Creek,MI
13020,"Bay City, MI",1048520,44756,17.7,2254.0,2195.0,107110.0,104747.0,-0.4207069471631398,43.5944677,-83.8888647,Bay City,MI
13140,"Beaumont-Port Arthur, TX",3808355,49364,17.2,7845.0,7896.0,390535.0,409901.0,-4.105173966294127,30.080174,-94.1265562,Beaumont-Port Arthur,TX
13380,"Bellingham, WA",2203565,56411,32.9,6117.0,6550.0,203663.0,216800.0,0.5902015555221719,48.7519112,-122.4786854,Bellingham,WA
13460,"Bend-Redmond, OR",1422015,61870,32.8,5695.0,6889.0,160338.0,181307.0,6.975505285436603,44.1223322,-121.3169209,Bend-Redmond,OR
13740,"Billings, MT",1481165,58037,31.6,5779.0,6037.0,159712.0,169736.0,-1.7048553309291865,45.7832856,-108.5006904,Billings,MT
13780,"Binghamton, NY",1945190,51360,29.0,5113.0,5034.0,250074.0,244094.0,0.8669421312269104,42.09868669999999,-75.91797380000001,Binghamton,NY
13820,"Birmingham-Hoover, AL",12789905,52226,29.9,25246.0,25821.0,1132264.0,1147417.0,0.9268918780696987,33.4053867,-86.8113781,Birmingham-Hoover,AL
13900,"Bismarck, ND",1323610,65527,30.1,3484.0,3920.0,110879.0,131547.0,-5.1633350814087295,46.8083268,-100.7837392,Bismarck,ND
13980,"Blacksburg-Christiansburg-Radford, VA",1708135,50950,34.9,3193.0,3473.0,160866.0,183411.0,-4.600796429736058,37.13179239999999,-80.5764477,Blacksburg-Christiansburg-Radford,VA
14020,"Bloomington, IN",1549985,43693,38.9,3854.0,3333.0,194566.0,166336.0,1.158947093638851,39.165325,-86.52638569999999,Bloomington,IN
14260,"Boise City, ID",6856670,55162,31.3,15991.0,17870.0,627281.0,690214.0,1.5610771528607275,43.6150186,-116.2023137,Boise City,ID
14460,"Boston-Cambridge-Newton, MA-NH",75053995,82380,46.9,121796.0,128936.0,4591112.0,4794447.0,1.3725877160474014,42.3600709,-71.0588305,Boston-Cambridge-Newton,MA-NH
14500,"Boulder, CO",3269070,74615,60.6,11419.0,12399.0,299378.0,322226.0,0.8829770221954001,40.0149856,-105.2705456,Boulder,CO
14540,"Bowling Green, KY",1690700,45649,26.5,2889.0,3538.0,128341.0,174560.0,-9.960935851688136,36.9685219,-86.4808043,Bowling Green,KY
14740,"Bremerton-Silverdale, WA",3546675,69171,31.9,5541.0,5795.0,254633.0,264811.0,0.5643279374461779,47.6445386,-122.6948697,Bremerton-Silverdale,WA
14860,"Bridgeport-Stamford-Norwalk, CT",13268820,90123,46.6,26725.0,27134.0,925899.0,944177.0,-0.43509012788328577,41.2559654,-73.37086959999999,Bridgeport-Stamford-Norwalk,CT
15180,"Brownsville-Harlingen, TX",3125575,37061,17.0,6285.0,6376.0,414123.0,422135.0,-0.47755978933431525,26.1906306,-97.69610259999999,Brownsville-Harlingen,TX
15260,"Brunswick, GA",1110680,46014,23.1,2764.0,2901.0,109308.0,115737.0,-0.8735809982478457,31.1499528,-81.49148939999999,Brunswick,GA
15380,"Buffalo-Cheektowaga-Niagara Falls, NY",11177715,53487,31.5,26813.0,27379.0,1134039.0,1132804.0,2.2222392070678634,42.90554909999999,-78.7655595,Buffalo-Cheektowaga-Niagara Falls,NY
15500,"Burlington, NC",1757810,45100,22.4,3153.0,3215.0,153291.0,159688.0,-2.11832733678438,36.0956918,-79.43779909999999,Burlington,NC
15540,"Burlington-South Burlington, VT",2450070,66367,43.2,6595.0,6879.0,213624.0,217411.0,2.4894207753844944,44.4758825,-73.21207199999999,Burlington-South Burlington,VT
15940,"Canton-Massillon, OH",4020090,50811,23.4,8801.0,8648.0,405693.0,401281.0,-0.6580736632814941,40.7967244,-81.52150929999999,Canton-Massillon,OH
15980,"Cape Coral-Fort Myers, FL",7568490,52909,28.3,15629.0,18143.0,631330.0,722336.0,1.460051035334375,26.640628,-81.8723084,Cape Coral-Fort Myers,FL
16180,"Carson City, NV",429360,52196,20.4,2067.0,1916.0,55439.0,54742.0,-6.125041994503059,39.1637984,-119.7674034,Carson City,NV
16220,"Casper, WY",652605,59474,23.5,2902.0,2953.0,76366.0,81039.0,-4.110289224486112,42.8500769,-106.3251749,Casper,WY
16300,"Cedar Rapids, IA",2641390,63385,32.7,6402.0,6523.0,260575.0,267799.0,-0.858495720792999,41.9778795,-91.6656232,Cedar Rapids,IA
16580,"Champaign-Urbana, IL",2136905,50564,42.3,4825.0,4858.0,232050.0,239872.0,-2.599270560879434,40.1164204,-88.2433829,Champaign-Urbana,IL
16620,"Charleston, WV",1882495,41689,22.7,7086.0,5228.0,304270.0,219579.0,2.2357441596692516,38.3498195,-81.6326234,Charleston,WV
16700,"Charleston-North Charleston, SC",9017690,57659,34.8,16376.0,18583.0,682121.0,761155.0,1.6942300958384904,32.8771106,-80.0130514,Charleston-North Charleston,SC
16740,"Charlotte-Concord-Gastonia, NC-SC",29665630,59979,34.4,43955.0,59420.0,1795472.0,2474314.0,-1.9047027733858863,35.1223173,-80.7214417,Charlotte-Concord-Gastonia,NC-SC
16820,"Charlottesville, VA",2478515,62523,44.5,5537.0,6124.0,202406.0,229467.0,-2.4417945484126276,38.0293059,-78.47667810000002,Charlottesville,VA
16860,"Chattanooga, TN-GA",5661675,46537,26.0,10913.0,11242.0,529123.0,551200.0,-1.1112569368738592,35.0456297,-85.3096801,Chattanooga,TN-GA
16940,"Cheyenne, WY",712180,62221,27.3,2780.0,3234.0,92680.0,98136.0,9.863363894357736,41.1399814,-104.8202462,Cheyenne,WY
16980,"Chicago-Naperville-Elgin, IL-IN-WI",140075780,66020,37.2,236012.0,245377.0,9504024.0,9512968.0,3.8702688553509765,41.7435073,-88.0118473,Chicago-Naperville-Elgin,IL-IN-WI
17020,"Chico, CA",1739430,45177,25.8,4606.0,4627.0,220266.0,226864.0,-2.4656832817744374,39.7284944,-121.8374777,Chico,CA
17140,"Cincinnati, OH-KY-IN",24522660,60260,33.1,45607.0,46150.0,2137735.0,2161441.0,0.08078019467132028,39.0220536,-84.4382721,Cincinnati,OH-KY-IN
17300,"Clarksville, TN-KY",2911850,51373,22.8,4259.0,4428.0,276777.0,282075.0,2.0153145513709316,36.5297706,-87.3594528,Clarksville,TN-KY
17420,"Cleveland, TN",1188345,44881,21.4,2065.0,2116.0,119879.0,123861.0,-0.8245597809760603,35.1595182,-84.8766115,Cleveland,TN
17460,"Cleveland-Elyria, OH",22823600,52131,30.3,51600.0,51247.0,2068283.0,2055612.0,-0.0719153404541894,41.3912969,-82.1129577,Cleveland-Elyria,OH
17660,"Coeur d'Alene, ID",1392085,51765,25.9,4293.0,4659.0,141132.0,154311.0,-0.7431628144784854,47.6734632,-116.7812225,Coeur d'Alene,ID
17780,"College Station-Bryan, TX",2053660,42233,35.3,4316.0,4860.0,227997.0,254716.0,0.7923891641349163,30.825147,-96.49297969999999,College Station-Bryan,TX
17820,"Colorado Springs, CO",7443620,63651,38.4,16427.0,17815.0,660276.0,712327.0,0.5249058569370759,38.8338816,-104.8213634,Colorado Springs,CO
17860,"Columbia, MO",1511455,52752,43.9,4568.0,4671.0,175065.0,176594.0,1.3694654555760521,38.9517053,-92.3340724,Columbia,MO
17900,"Columbia, SC",9051235,52247,32.9,16681.0,17207.0,775897.0,816450.0,-1.970326617767547,34.0007104,-81.0348144,Columbia,SC
17980,"Columbus, GA-AL",2724175,43412,25.6,5666.0,5685.0,297181.0,307816.0,-3.1312382551053126,32.4609764,-84.9877094,Columbus,GA-AL
18020,"Columbus, IN",732515,59102,33.3,1845.0,1835.0,77870.0,81402.0,-4.857447753858892,39.2014404,-85.9213796,Columbus,IN
18140,"Columbus, OH",23198545,60294,36.0,38781.0,42106.0,1858464.0,2041520.0,-1.1616477571928452,39.9611755,-82.99879419999999,Columbus,OH
18580,"Corpus Christi, TX",3887750,53775,21.2,9257.0,9543.0,431381.0,452790.0,-1.7847681489023963,27.8005828,-97.39638099999999,Corpus Christi,TX
18700,"Corvallis, OR",736560,55459,54.2,2003.0,2119.0,85928.0,89385.0,1.6997924269270919,44.5645659,-123.2620435,Corvallis,OR
19060,"Cumberland, MD-WV",930060,45808,16.4,2099.0,1986.0,102884.0,99541.0,-2.2059016488349474,39.6528654,-78.7625185,Cumberland,MD-WV
19100,"Dallas-Fort Worth-Arlington, TX",96061810,63812,33.9,141069.0,160269.0,6526566.0,7232599.0,2.5199266009763743,32.7078751,-96.9209135,Dallas-Fort Worth-Arlington,TX
19140,"Dalton, GA",1469495,43348,11.8,2651.0,2587.0,142741.0,143904.0,-3.20285011039255,34.7698021,-84.9702228,Dalton,GA
19180,"Danville, IL",534060,45481,14.0,1492.0,1411.0,81509.0,78111.0,-1.314906301450502,40.124481,-87.6300207,Danville,IL
19340,"Davenport-Moline-Rock Island, IA-IL",3374370,52590,26.2,9091.0,8873.0,379592.0,383352.0,-3.355277952051558,41.5067003,-90.51513419999999,Davenport-Moline-Rock Island,IA-IL
19380,"Dayton, OH",7686735,51427,27.4,17241.0,16528.0,845388.0,800683.0,1.2169679520136039,39.7589478,-84.1916069,Dayton,OH
19460,"Decatur, AL",1445715,44575,18.1,3061.0,2960.0,154070.0,152256.0,-2.1474724595959014,34.6059253,-86.9833417,Decatur,AL
19500,"Decatur, IL",765370,46198,21.6,2478.0,2441.0,110730.0,106550.0,2.3713247199475527,39.8403147,-88.9548001,Decatur,IL
19660,"Deltona-Daytona Beach-Ormond Beach, FL",6312005,46090,23.9,11693.0,14674.0,494804.0,637674.0,-2.622850566931822,29.0396219,-81.2518833,Deltona-Daytona Beach-Ormond Beach,FL
19740,"Denver-Aurora-Lakewood, CO",37932540,71926,42.5,73419.0,82462.0,2600594.0,2853077.0,2.3774863857618675,39.5142848,-104.8454619,Denver-Aurora-Lakewood,CO
19780,"Des Moines-West Des Moines, IA",6374255,65704,36.7,14709.0,16122.0,578665.0,634725.0,-0.07425844839408915,41.5638902,-93.75938409999999,Des Moines-West Des Moines,IA
19820,"Detroit-Warren-Dearborn, MI",51236275,56142,30.4,96919.0,99127.0,4285832.0,4297617.0,1.9977220343424227,42.3222599,-83.17631449999999,Detroit-Warren-Dearborn,MI
20020,"Dothan, AL",1274740,41040,17.6,3463.0,3409.0,146562.0,147834.0,-2.4063491838023183,31.2232313,-85.3904888,Dothan,AL
20100,"Dover, DE",2008270,54140,22.6,3177.0,3422.0,164834.0,174827.0,1.5549467717066605,39.158168,-75.5243682,Dover,DE
20220,"Dubuque, IA",797410,60456,29.1,2708.0,2759.0,94648.0,97003.0,-0.5901734662883534,42.5005583,-90.66457179999999,Dubuque,IA
20260,"Duluth, MN-WI",2600455,51294,25.3,7113.0,7079.0,279761.0,279227.0,-0.2876699150397093,46.78667189999999,-92.1004852,Duluth,MN-WI
20500,"Durham-Chapel Hill, NC",6332885,56182,47.0,11593.0,12702.0,512979.0,559535.0,0.44969015553683367,35.9131996,-79.0558445,Durham-Chapel Hill,NC
20740,"Eau Claire, WI",1552030,51058,25.7,4200.0,4291.0,162657.0,166614.0,-0.2597410781807071,44.811349,-91.4984941,Eau Claire,WI
20940,"El Centro, CA",1216315,49095,13.9,2350.0,2519.0,177057.0,180883.0,4.9241970329709925,32.792,-115.5630514,El Centro,CA
21060,"Elizabethtown-Fort Knox, KY",1547060,51936,22.0,2510.0,2908.0,120373.0,150447.0,-7.302881768240341,37.8836637,-85.9652686,Elizabethtown-Fort Knox,KY
21140,"Elkhart-Goshen, IN",1769315,54216,18.6,4830.0,4856.0,198941.0,203781.0,-1.849581691253161,41.5822716,-85.8344383,Elkhart-Goshen,IN
21300,"Elmira, NY",737875,51269,27.5,1834.0,1791.0,88840.0,86322.0,0.5039915851574225,42.0897965,-76.8077338,Elmira,NY
21340,"El Paso, TX",8251840,42116,21.9,13494.0,14424.0,820790.0,842114.0,4.185235329850869,31.7618778,-106.4850217,El Paso,TX
21500,"Erie, PA",2430330,48964,28.0,6246.0,6191.0,280985.0,276207.0,0.8340659284618366,42.12922409999999,-80.085059,Erie,PA
21660,"Eugene, OR",3227340,47777,28.8,9437.0,9819.0,353416.0,369519.0,-0.48633110404659763,44.0520691,-123.0867536,Eugene,OR
21780,"Evansville, IN-KY",3272240,50155,24.9,8497.0,7632.0,360304.0,315948.0,2.429774462940682,37.9715592,-87.5710898,Evansville,IN-KY
21820,"Fairbanks, AK",899195,77328,31.5,2455.0,2466.0,99192.0,100605.0,-0.9627306729115792,64.8377778,-147.7163888,Fairbanks,AK
22020,"Fargo, ND-MN",2111385,60009,38.9,6266.0,6840.0,211729.0,238124.0,-2.9394186303264886,46.8771863,-96.7898034,Fargo,ND-MN
22140,"Farmington, NM",1122620,52003,16.6,2833.0,2651.0,128200.0,115079.0,4.244967683720165,36.72805830000001,-108.2186856,Farmington,NM
22180,"Fayetteville, NC",3605750,45293,23.7,6018.0,6044.0,374157.0,380389.0,-1.213363817703052,35.0526641,-78.87835849999999,Fayetteville,NC
22220,"Fayetteville-Springdale-Rogers, AR-MO",4875970,51848,30.9,10552.0,11873.0,475085.0,527153.0,1.4052222858817922,36.0148605,-94.2333355,Fayetteville-Springdale-Rogers,AR-MO
22380,"Flagstaff, AZ",975490,55091,35.4,3529.0,3650.0,134511.0,140908.0,-1.2667673095845549,35.1982836,-111.651302,Flagstaff,AZ
22420,"Flint, MI",4162740,43955,20.1,7810.0,7684.0,422080.0,408615.0,1.6287984348866063,43.0125274,-83.6874562,Flint,MI
22500,"Florence, SC",1932180,42200,20.7,4228.0,4211.0,206161.0,205976.0,-0.3126262076293739,34.1954331,-79.7625625,Florence,SC
22520,"Florence-Muscle Shoals, AL",1581595,45287,20.8,3225.0,3260.0,147293.0,146534.0,1.6088612077542068,34.7448112,-87.66752919999999,Florence-Muscle Shoals,AL
22540,"Fond du Lac, WI",1046615,58310,23.8,2393.0,2358.0,102079.0,102144.0,-1.5253041648731078,43.7730448,-88.4470508,Fond du Lac,WI
22660,"Fort Collins, CO",3708450,66469,46.8,9356.0,10577.0,305525.0,339993.0,1.5895574413700972,40.5852602,-105.084423,Fort Collins,CO
22900,"Fort Smith, AR-OK",2471605,40970,15.1,6228.0,5758.0,299379.0,281227.0,-1.5790900422031036,35.3859242,-94.39854749999999,Fort Smith,AR-OK
23060,"Fort Wayne, IN",4246250,51519,27.1,10252.0,10424.0,418148.0,431802.0,-1.537427208724682,41.079273,-85.1393513,Fort Wayne,IN
23420,"Fresno, CA",8320315,48715,20.2,15700.0,16619.0,942904.0,979915.0,1.855458449844081,36.7377981,-119.7871247,Fresno,CA
23460,"Gadsden, AL",1011130,41152,15.6,1979.0,1974.0,104303.0,102564.0,1.4385900439462747,34.014264,-86.0066386,Gadsden,AL
23540,"Gainesville, FL",2729115,45279,37.5,5929.0,6343.0,265246.0,281796.0,0.6994921266422508,29.6516344,-82.32482619999999,Gainesville,FL
23580,"Gainesville, GA",2345480,54917,21.5,3860.0,4205.0,183052.0,196637.0,1.4116698713742106,34.2978794,-83.8240663,Gainesville,GA
24020,"Glens Falls, NY",1456620,54414,24.9,3398.0,3369.0,128996.0,126367.0,1.2092495725137204,43.3095164,-73.6440058,Glens Falls,NY
24140,"Goldsboro, NC",1068515,41711,17.6,2169.0,2137.0,123697.0,124150.0,-1.8348322303048454,35.3848841,-77.9927651,Goldsboro,NC
24220,"Grand Forks, ND-MN",870180,48671,30.0,2624.0,2686.0,98512.0,102743.0,-1.852538526747896,47.9252568,-97.0328547,Grand Forks,ND-MN
24300,"Grand Junction, CO",1136125,48846,25.0,4529.0,4362.0,147083.0,150083.0,-5.612535965912502,39.0638705,-108.5506486,Grand Junction,CO
24340,"Grand Rapids-Wyoming, MI",10479755,60212,31.7,17952.0,24259.0,779604.0,1047099.0,0.61120924660331,42.9133602,-85.7053085,Grand Rapids-Wyoming,MI
24500,"Great Falls, MT",542235,45138,23.3,2429.0,2410.0,81837.0,81755.0,-0.6826997864040549,47.5052849,-111.3007715,Great Falls,MT
24540,"Greeley, CO",3579380,63400,27.2,5125.0,5922.0,258638.0,294932.0,1.3316164817487623,40.4233142,-104.7091322,Greeley,CO
24580,"Green Bay, WI",3242710,58011,26.7,7523.0,7727.0,309469.0,318236.0,-0.11789304806202894,44.5133188,-88.0132958,Green Bay,WI
24660,"Greensboro-High Point, NC",7186710,46135,28.4,17328.0,17487.0,730966.0,756139.0,-2.4421077180407664,35.9556923,-80.0053176,Greensboro-High Point,NC
24780,"Greenville, NC",1631530,46573,31.6,3751.0,3593.0,192690.0,177220.0,4.149358087138102,35.612661,-77.3663538,Greenville,NC
24860,"Greenville-Anderson-Mauldin, SC",9199395,50644,28.7,14950.0,19520.0,647401.0,884975.0,-4.482931692891198,34.77873,-82.310119,Greenville-Anderson-Mauldin,SC
25060,"Gulfport-Biloxi-Pascagoula, MS",3876770,46434,21.7,5137.0,7175.0,250611.0,391266.0,-10.53763834036451,30.4131137,-89.0727778,Gulfport-Biloxi-Pascagoula,MS
25180,"Hagerstown-Martinsburg, MD-WV",3490605,55862,20.5,5229.0,5032.0,270943.0,263817.0,-1.1680991369814429,39.6061516,-78.0195387,Hagerstown-Martinsburg,MD-WV
25260,"Hanford-Corcoran, CA",1167310,53234,11.6,1599.0,1596.0,153765.0,149785.0,2.4645393857524653,36.0988489,-119.8815203,Hanford-Corcoran,CA
25420,"Harrisburg-Carlisle, PA",6044335,61467,32.8,13352.0,13699.0,552911.0,568033.0,-0.13249377646676988,40.3157054,-77.10249019999999,Harrisburg-Carlisle,PA
25500,"Harrisonburg, VA",1190340,51369,29.3,2958.0,3038.0,126562.0,132822.0,-2.1360110750896033,38.4495688,-78.8689155,Harrisonburg,VA
25540,"Hartford-West Hartford-East Hartford, CT",14035560,72559,38.2,29007.0,29461.0,1213255.0,1206836.0,2.105350902952836,41.7658043,-72.6733723,Hartford-West Hartford-East Hartford,CT
25620,"Hattiesburg, MS",1767070,46765,29.0,3305.0,3342.0,146509.0,148803.0,-0.4393785555480176,31.3271189,-89.29033919999999,Hattiesburg,MS
25860,"Hickory-Lenoir-Morganton, NC",3435775,42572,17.0,7476.0,7355.0,364567.0,364187.0,-1.5158593618340135,35.7771691,-81.3399414,Hickory-Lenoir-Morganton,NC
25980,"Hinesville, GA",680725,46241,16.0,882.0,889.0,81144.0,82687.0,-1.0872325758583565,31.846877,-81.5959453,Hinesville,GA
26300,"Hot Springs, AR",830565,42826,18.3,2663.0,2712.0,97124.0,97477.0,1.4712299078950066,34.5037004,-93.0551795,Hot Springs,AR
26380,"Houma-Thibodaux, LA",2038235,49929,16.1,4780.0,4680.0,208583.0,211525.0,-3.453805029129469,29.7820752,-90.8093416,Houma-Thibodaux,LA
26420,"Houston-The Woodlands-Sugar Land, TX",90558810,61708,32.0,123784.0,139010.0,6086895.0,6772470.0,0.9323188668146302,30.1746765,-95.4539647,Houston-The Woodlands-Sugar Land,TX
26580,"Huntington-Ashland, WV-KY-OH",3135285,42420,20.0,5730.0,6933.0,287599.0,359588.0,-3.2282132716517244,38.4784144,-82.63793869999999,Huntington-Ashland,WV-KY-OH
26620,"Huntsville, AL",4568010,58238,36.8,9225.0,9697.0,425480.0,449720.0,-0.5492713683696346,34.7303688,-86.5861037,Huntsville,AL
26820,"Idaho Falls, ID",1182965,60133,31.3,3613.0,3995.0,132585.0,143776.0,1.966336993197098,43.49266069999999,-112.0407584,Idaho Falls,ID
26900,"Indianapolis-Carmel-Anderson, IN",23228730,56750,33.8,42086.0,46490.0,1777684.0,2001737.0,-1.8999017838964083,39.978371,-86.1180435,Indianapolis-Carmel-Anderson,IN
26980,"Iowa City, IA",1654930,57777,49.1,3716.0,3973.0,154893.0,168828.0,-1.9087711143165536,41.6611277,-91.5301683,Iowa City,IA
27060,"Ithaca, NY",803550,56349,51.7,2326.0,2370.0,101723.0,104871.0,-1.166907157844406,42.4439614,-76.5018807,Ithaca,NY
27100,"Jackson, MI",1581825,50009,21.9,2995.0,2897.0,159748.0,158460.0,-2.485893334361605,42.245869,-84.40134619999999,Jackson,MI
27140,"Jackson, MS",6313875,50632,29.9,12524.0,13146.0,545394.0,580178.0,-1.3266964989485643,32.2987573,-90.1848103,Jackson,MS
27180,"Jackson, TN",1031165,42373,19.1,2795.0,2956.0,116995.0,129527.0,-4.472236005304174,35.6145169,-88.81394689999999,Jackson,TN
27260,"Jacksonville, FL",18187500,56840,30.7,33538.0,37310.0,1358593.0,1478212.0,2.244684166347352,30.3321838,-81.65565099999999,Jacksonville,FL
27340,"Jacksonville, NC",1772625,47150,18.6,2710.0,2752.0,179719.0,187136.0,-2.4750379856739793,34.7540524,-77.4302414,Jacksonville,NC
27500,"Janesville-Beloit, WI",1759780,50729,21.7,3236.0,3330.0,160092.0,161620.0,1.931930244592419,42.5083482,-89.03177649999999,Janesville-Beloit,WI
27620,"Jefferson City, MO",1394515,55031,27.1,3548.0,3597.0,152370.0,148915.0,3.7332174355042635,38.57670170000001,-92.1735164,Jefferson City,MO
27740,"Johnson City, TN",1816895,40943,25.5,3772.0,3781.0,199818.0,200449.0,-0.07694417443233362,36.3134397,-82.3534727,Johnson City,TN
27780,"Johnstown, PA",1323510,44100,22.2,3381.0,3171.0,143728.0,134732.0,0.051060647103807665,40.32674069999999,-78.9219698,Johnstown,PA
27860,"Jonesboro, AR",923275,41717,21.4,2760.0,2841.0,121569.0,129858.0,-3.6356744524286326,35.84229670000001,-90.704279,Jonesboro,AR
27900,"Joplin, MO",1391615,45876,20.0,4196.0,4041.0,176849.0,177805.0,-4.211800536941732,37.08422710000001,-94.51328099999999,Joplin,MO
28020,"Kalamazoo-Portage, MI",3221735,52045,33.6,6867.0,6864.0,328205.0,336877.0,-2.6167959147145545,42.2011538,-85.5800022,Kalamazoo-Portage,MI
28100,"Kankakee, IL",1157005,54911,19.1,2361.0,2325.0,113698.0,110008.0,1.7783782295329433,41.1200325,-87.8611531,Kankakee,IL
28140,"Kansas City, MO-KS",23282080,61385,36.7,49878.0,53694.0,2049773.0,2104115.0,4.870423877938488,39.0997265,-94.5785667,Kansas City,MO-KS
28420,"Kennewick-Richland, WA",2649125,61021,25.9,5277.0,5797.0,264133.0,283846.0,2.2247581635957503,46.2086683,-119.119948,Kennewick-Richland,WA
28660,"Killeen-Temple, TX",3744975,52202,21.0,5907.0,6163.0,411595.0,435887.0,-1.4806879514280997,31.1241507,-97.69822719999999,Killeen-Temple,TX
28700,"Kingsport-Bristol-Bristol, TN-VA",2729625,40811,19.3,6031.0,6005.0,312908.0,307723.0,1.246587023363922,36.595141,-82.1888089,Kingsport-Bristol-Bristol,TN-VA
28740,"Kingston, NY",2235355,62790,32.8,4663.0,4814.0,182448.0,179225.0,5.0947904078749096,41.9270367,-73.9973608,Kingston,NY
28940,"Knoxville, TN",8861025,49862,29.2,15843.0,18087.0,704500.0,869076.0,-7.455128441968528,35.9606384,-83.9207392,Knoxville,TN
29020,"Kokomo, IN",631550,45702,21.3,2089.0,1776.0,99893.0,82568.0,2.8555693497699424,40.486427,-86.13360329999999,Kokomo,IN
29100,"La Crosse-Onalaska, WI-MN",1292010,55717,35.0,3396.0,3479.0,134488.0,136936.0,0.6126631560121848,43.88629359999999,-91.21953049999999,La Crosse-Onalaska,WI-MN
29180,"Lafayette, LA",5154915,45409,22.9,8892.0,13042.0,277307.0,491528.0,-17.252036957756996,30.2240897,-92.0198427,Lafayette,LA
29340,"Lake Charles, LA",1818695,46005,20.1,4369.0,4682.0,201411.0,207432.0,4.053524607635653,30.2265949,-93.2173758,Lake Charles,LA
29420,"Lake Havasu City-Kingman, AZ",1434415,42423,11.3,3600.0,3697.0,202351.0,205249.0,1.2444568683783013,34.483901,-114.3224548,Lake Havasu City-Kingman,AZ
29460,"Lakeland-Winter Haven, FL",6667045,46355,20.1,10718.0,11530.0,609492.0,666149.0,-1.5734678604919248,28.0222435,-81.7328567,Lakeland-Winter Haven,FL
29540,"Lancaster, PA",6065460,61335,25.0,12041.0,12874.0,523594.0,538500.0,3.9584754564584643,40.0378755,-76.3055144,Lancaster,PA
29620,"Lansing-East Lansing, MI",4580605,53296,34.1,9466.0,9506.0,465138.0,475099.0,-1.682910246664266,42.7369792,-84.48386540000001,Lansing-East Lansing,MI
29700,"Laredo, TX",2073050,35659,17.2,4779.0,5298.0,256496.0,271193.0,4.852078705161129,27.5035613,-99.5075519,Laredo,TX
29740,"Las Cruces, NM",1710765,37496,26.1,3630.0,3615.0,213598.0,214207.0,-0.6963527632786651,32.3199396,-106.7636538,Las Cruces,NM
29820,"Las Vegas-Henderson-Paradise, NV",23560655,54384,23.3,39343.0,44564.0,1969975.0,2155664.0,3.513343949002581,36.0795613,-115.094045,Las Vegas-Henderson-Paradise,NV
29940,"Lawrence, KS",1365145,56345,52.0,2601.0,2713.0,112211.0,119440.0,-2.0069941284368618,38.9716689,-95.2352501,Lawrence,KS
30020,"Lawton, OK",803520,50980,20.4,2194.0,2273.0,125815.0,127762.0,2.0219294629940685,34.6035669,-98.39592909999999,Lawton,OK
30140,"Lebanon, PA",1468895,57248,20.6,2610.0,2709.0,134311.0,138863.0,0.39071255295778523,40.3666686,-76.5025742,Lebanon,PA
30300,"Lewiston, ID-WA",417065,47869,20.0,1551.0,1549.0,61352.0,62675.0,-2.237116602204986,46.3113738,-117.0456123,Lewiston,ID-WA
30340,"Lewiston-Auburn, ME",1247610,49081,21.7,2749.0,2746.0,107398.0,107319.0,-0.035598611810392776,44.100351,-70.21477639999999,Lewiston-Auburn,ME
30460,"Lexington-Fayette, KY",5177110,53769,37.2,11644.0,12526.0,479244.0,506751.0,1.7354430055978471,38.0405837,-84.5037164,Lexington-Fayette,KY
30620,"Lima, OH",835445,47592,16.6,2516.0,2412.0,106094.0,103742.0,-1.9600967411542738,40.742551,-84.1052256,Lima,OH
30700,"Lincoln, NE",3320505,59344,39.8,8208.0,8890.0,307165.0,326591.0,1.8666276965467021,40.813616,-96.7025955,Lincoln,NE
30780,"Little Rock-North Little Rock-Conway, AR",7375465,51501,30.7,17486.0,17904.0,708084.0,734381.0,-1.27595438593556,35.0886963,-92.4421011,Little Rock-North Little Rock-Conway,AR
30860,"Logan, UT-ID",1040820,57414,36.7,3321.0,3643.0,124813.0,135439.0,1.0895769570796707,41.7369803,-111.8338359,Logan,UT-ID
30980,"Longview, TX",2165935,45773,19.8,5337.0,5363.0,216666.0,217446.0,0.12670781677199022,32.5007037,-94.74048909999999,Longview,TX
31020,"Longview, WA",987010,50637,17.1,2149.0,2150.0,102478.0,105160.0,-2.505052904382349,46.1381676,-122.9381672,Longview,WA
31140,"Louisville/Jefferson County, KY-IN",14197390,54546,28.3,29228.0,29330.0,1296820.0,1283297.0,1.4064279748771191,38.2526647,-85.7584557,Louisville/Jefferson County,KY-IN
31180,"Lubbock, TX",2473865,48671,30.2,6943.0,7304.0,290842.0,313910.0,-2.531210868911473,33.5778631,-101.8551665,Lubbock,TX
31340,"Lynchburg, VA",2698215,48530,26.6,5829.0,5928.0,253713.0,261167.0,-1.2041823496607358,37.4137536,-79.14224639999999,Lynchburg,VA
31420,"Macon-Bibb County, GA",2056735,39973,24.3,5172.0,5102.0,227488.0,226998.0,-1.1405022276465369,32.8406946,-83.6324022,Macon-Bibb County,GA
31460,"Madera, CA",1353210,51657,11.8,1882.0,1950.0,152925.0,154697.0,2.4263247814656053,36.9613356,-120.0607176,Madera,CA
31540,"Madison, WI",7376165,68497,46.6,15105.0,17077.0,576467.0,648929.0,0.43107632397144546,43.0730517,-89.4012302,Madison,WI
31700,"Manchester-Nashua, NH",5638615,76254,37.3,10635.0,10944.0,401696.0,407761.0,1.3748936540853562,42.7653662,-71.46756599999999,Manchester-Nashua,NH
31900,"Mansfield, OH",1081855,44073,17.6,2673.0,2597.0,123510.0,121107.0,-0.9154670869793343,40.75839,-82.5154471,Mansfield,OH
32580,"McAllen-Edinburg-Mission, TX",6349950,36176,18.3,11206.0,11937.0,797810.0,849843.0,0.0012318366444398939,26.2159066,-98.32529319999999,McAllen-Edinburg-Mission,TX
32780,"Medford, OR",1557500,48563,26.5,5704.0,6107.0,204822.0,216527.0,1.277494060887268,42.3265152,-122.8755949,Medford,OR
32820,"Memphis, TN-MS-AR",14189255,49809,27.5,25131.0,25428.0,1324108.0,1346437.0,-0.49616837655780877,35.0387247,-89.8505012,Memphis,TN-MS-AR
32900,"Merced, CA",2600920,47739,13.5,2830.0,3041.0,259898.0,268672.0,3.946653936250974,37.3021632,-120.4829677,Merced,CA
33100,"Miami-Fort Lauderdale-West Palm Beach, FL",79968880,51362,30.5,172255.0,191720.0,5670125.0,6066387.0,4.029881619037736,26.3013917,-80.6326916,Miami-Fort Lauderdale-West Palm Beach,FL
33140,"Michigan City-La Porte, IN",1063565,53507,18.2,2387.0,2295.0,111374.0,110015.0,-2.66653473254332,41.70753939999999,-86.8950297,Michigan City-La Porte,IN
33260,"Midland, TX",1426960,65224,26.0,4655.0,5304.0,140308.0,168323.0,-5.022047880643362,31.9973456,-102.0779146,Midland,TX
33340,"Milwaukee-Waukesha-West Allis, WI",17005360,58029,34.9,37705.0,38402.0,1562216.0,1572482.0,1.1836395467250433,43.0166806,-88.0070315,Milwaukee-Waukesha-West Allis,WI
33460,"Minneapolis-St. Paul-Bloomington, MN-WI",45274740,73231,40.5,89280.0,96013.0,3318486.0,3551036.0,0.49877609282449054,44.840798,-93.2982799,Minneapolis-St. Paul-Bloomington,MN-WI
33540,"Missoula, MT",1090120,46550,41.1,4081.0,4386.0,110138.0,116130.0,1.9283026843844369,46.8721284,-113.9940314,Missoula,MT
33660,"Mobile, AL",4100480,45744,23.7,8659.0,8736.0,412577.0,414836.0,0.33985321140593916,30.6953657,-88.0398912,Mobile,AL
33700,"Modesto, CA",5938285,54305,16.2,8289.0,8866.0,518522.0,541560.0,2.410902936928256,37.63909719999999,-120.9968782,Modesto,CA
33740,"Monroe, LA",1371925,38004,20.8,4479.0,4569.0,177651.0,179470.0,0.9754713877891147,32.5093109,-92.1193012,Monroe,LA
33780,"Monroe, MI",1640630,60799,19.3,2333.0,2285.0,151560.0,149208.0,-0.5135456401398225,41.9164343,-83.3977101,Monroe,MI
33860,"Montgomery, AL",3709700,47265,28.4,7586.0,7713.0,378582.0,376163.0,2.3279747607942256,32.3792233,-86.3077368,Montgomery,AL
34060,"Morgantown, WV",1347130,50120,32.7,2743.0,2868.0,132251.0,138380.0,-0.07389080151833079,39.629526,-79.95589679999999,Morgantown,WV
34100,"Morristown, TN",1073680,44348,17.1,2173.0,1996.0,137494.0,117320.0,7.649620477832178,36.2139814,-83.29489219999999,Morristown,TN
34580,"Mount Vernon-Anacortes, WA",1327440,60983,24.4,3358.0,3457.0,118109.0,123681.0,-1.6897745149762526,48.5103428,-122.6119752,Mount Vernon-Anacortes,WA
34620,"Muncie, IN",961875,41041,22.6,2396.0,2435.0,117660.0,115603.0,3.436041404555399,40.1933767,-85.3863599,Muncie,IN
34740,"Muskegon, MI",1507720,44264,16.6,3268.0,3114.0,171302.0,173408.0,-5.869608593048209,43.2341813,-86.24839209999999,Muskegon,MI
34820,"Myrtle Beach-Conway-North Myrtle Beach, SC-NC",3873135,46787,23.8,8048.0,11077.0,276340.0,449295.0,-15.346219901791361,33.9196567,-78.9288242,Myrtle Beach-Conway-North Myrtle Beach,SC-NC
34900,"Napa, CA",1582710,75077,35.1,3880.0,4216.0,138088.0,142166.0,5.542911865336458,38.2975381,-122.286865,Napa,CA
34940,"Naples-Immokalee-Marco Island, FL",3415685,61228,33.9,9888.0,11698.0,328134.0,365136.0,6.316271689484592,26.175453,-81.798949,Naples-Immokalee-Marco Island,FL
34980,"Nashville-Davidson--Murfreesboro--Franklin, TN",24157910,60030,34.2,37102.0,42739.0,1620403.0,1865535.0,0.056814565907170794,35.8456213,-86.39027,Nashville-Davidson--Murfreesboro--Franklin,TN
35300,"New Haven-Milford, CT",9954740,66176,35.1,19261.0,19597.0,861113.0,856875.0,2.2476734811534245,41.2306979,-73.064036,New Haven-Milford,CT
35380,"New Orleans-Metairie, LA",14473365,48804,29.4,28991.0,30840.0,1191089.0,1268883.0,-0.14408205156907994,29.9840922,-90.1528519,New Orleans-Metairie,LA
35620,"New York-Newark-Jersey City, NY-NJ-PA",337155320,71897,39.0,534157.0,576580.0,19015900.0,20153634.0,1.8483898025243215,40.7127761,-74.0059544,New York-Newark-Jersey City,NY-NJ-PA
35660,"Niles-Benton Harbor, MI",1317425,47083,28.3,3623.0,3520.0,156941.0,154010.0,-0.9939294585023519,41.9407357,-86.3376761,Niles-Benton Harbor,MI
35980,"Norwich-New London, CT",3301015,70699,32.5,5675.0,5865.0,273502.0,269801.0,4.7656958848132644,41.5242649,-72.07591049999999,Norwich-New London,CT
36100,"Ocala, FL",2891950,39383,18.0,6638.0,7004.0,332529.0,349020.0,0.5282451519356887,29.1871986,-82.14009229999999,Ocala,FL
36140,"Ocean City, NJ",873095,62548,31.5,3801.0,3841.0,96601.0,94430.0,3.375606384816042,39.2776156,-74.5746001,Ocean City,NJ
36220,"Odessa, TX",1579960,53254,15.4,3313.0,3584.0,140111.0,157462.0,-3.7406256686318473,31.8456816,-102.3676431,Odessa,TX
36260,"Ogden-Clearfield, UT",6646710,70227,30.4,11273.0,13665.0,555437.0,656061.0,2.6267826542466524,41.1107771,-112.0260538,Ogden-Clearfield,UT
36420,"Oklahoma City, OK",13937780,55065,29.8,33111.0,35526.0,1278053.0,1373211.0,-0.14136973800596495,35.4675602,-97.5164276,Oklahoma City,OK
36500,"Olympia-Tumwater, WA",2837245,65783,35.2,5733.0,6092.0,256591.0,275222.0,-0.931354385968174,47.0073187,-122.9093063,Olympia-Tumwater,WA
36540,"Omaha-Council Bluffs, NE-IA",9314100,62247,35.4,22087.0,23504.0,875074.0,924495.0,0.7268519385514691,41.29038329999999,-95.89871389999999,Omaha-Council Bluffs,NE-IA
36740,"Orlando-Kissimmee-Sanford, FL",31186230,52385,30.9,54922.0,63244.0,2171360.0,2441257.0,2.421543821241898,28.5828156,-81.3399414,Orlando-Kissimmee-Sanford,FL
36780,"Oshkosh-Neenah, WI",1564975,56754,28.4,3525.0,3564.0,167699.0,169886.0,-0.1951937231500207,44.1858193,-88.462609,Oshkosh-Neenah,WI
36980,"Owensboro, KY",1035670,52328,21.1,2553.0,2630.0,118118.0,119706.0,1.6494655279242616,37.7719074,-87.1111676,Owensboro,KY
37100,"Oxnard-Thousand Oaks-Ventura, CA",10017400,80135,33.6,19576.0,20909.0,831771.0,849738.0,4.550963760706008,34.1705609,-118.8375937,Oxnard-Thousand Oaks-Ventura,CA
37340,"Palm Bay-Melbourne-Titusville, FL",5553755,51184,29.3,12746.0,13927.0,543566.0,579130.0,2.555718713095095,28.263933,-80.7214417,Palm Bay-Melbourne-Titusville,FL
37460,"Panama City, FL",1929810,47548,22.8,4374.0,4913.0,169856.0,200893.0,-5.030517022245567,30.1588129,-85.6602058,Panama City,FL
37620,"Parkersburg-Vienna, WV",669195,46594,23.9,3715.0,2079.0,162488.0,90554.0,0.4174816118434198,39.282148,-81.5377013,Parkersburg-Vienna,WV
37860,"Pensacola-Ferry Pass-Brent, FL",4818015,50496,27.1,8961.0,9435.0,453218.0,485684.0,-1.7485925171547283,30.4688079,-87.2360826,Pensacola-Ferry Pass-Brent,FL
37900,"Peoria, IL",3372065,57090,27.7,8549.0,8403.0,380961.0,376044.0,-0.42257286116667164,40.6936488,-89.5889864,Peoria,IL
37980,"Philadelphia-Camden-Wilmington, PA-NJ-DE-MD",82052310,65996,36.7,143604.0,147317.0,5992414.0,6070500.0,1.2660046481180576,39.9526322,-75.1652419,Philadelphia-Camden-Wilmington,PA-NJ-DE-MD
38060,"Phoenix-Mesa-Scottsdale, AZ",52062550,58075,30.8,86667.0,94758.0,4263236.0,4661537.0,-0.0063639109345565515,33.4151843,-111.8314724,Phoenix-Mesa-Scottsdale,AZ
38220,"Pine Bluff, AR",649990,37076,16.7,1642.0,1566.0,99334.0,94071.0,0.7072572792124066,34.2284312,-92.00319549999999,Pine Bluff,AR
38300,"Pittsburgh, PA",28802045,56063,34.6,59052.0,59850.0,2359746.0,2342299.0,2.1062835897321137,40.44062479999999,-79.9958864,Pittsburgh,PA
38340,"Pittsfield, MA",1256235,58418,33.7,3985.0,3896.0,130458.0,126903.0,0.50541235265683,42.4500845,-73.2453824,Pittsfield,MA
38540,"Pocatello, ID",580520,48429,27.6,2102.0,2017.0,90777.0,84377.0,3.2345175435782263,42.8621042,-112.4506191,Pocatello,ID
38860,"Portland-South Portland, ME",6602930,63422,39.1,17062.0,17794.0,515807.0,529657.0,1.5631504161330814,43.6414716,-70.2408811,Portland-South Portland,ME
38900,"Portland-Vancouver-Hillsboro, OR-WA",30955830,68676,38.9,62085.0,68550.0,2262702.0,2425325.0,3.0097162674305005,45.5200114,-122.9365835,Portland-Vancouver-Hillsboro,OR-WA
38940,"Port St. Lucie, FL",4917720,48746,24.1,9748.0,11002.0,427874.0,465208.0,3.8065703599179637,27.2730492,-80.3582261,Port St. Lucie,FL
39140,"Prescott, AZ",1788265,50420,24.0,5495.0,5825.0,211888.0,225562.0,-0.42079426336171,34.5400242,-112.4685025,Prescott,AZ
39300,"Providence-Warwick, RI-MA",19697780,61948,32.4,40607.0,41194.0,1600224.0,1614750.0,0.5329775647580977,41.8239891,-71.4128343,Providence-Warwick,RI-MA
39340,"Provo-Orem, UT",5353710,69288,38.2,10907.0,13056.0,541710.0,602543.0,7.6176825342701235,40.2968979,-111.6946475,Provo-Orem,UT
39380,"Pueblo, CO",1388260,44677,21.2,3093.0,3086.0,160545.0,165123.0,-2.9925215845768847,38.2544472,-104.6091409,Pueblo,CO
39460,"Punta Gorda, FL",1301990,44200,23.7,3542.0,3883.0,160511.0,178465.0,-1.4014387357473768,26.9297836,-82.0453664,Punta Gorda,FL
39540,"Racine, WI",2158125,55706,23.0,4037.0,4024.0,195388.0,195140.0,-0.19534230983063672,42.7261309,-87.78285230000002,Racine,WI
39580,"Raleigh, NC",15911975,71685,47.2,28873.0,32560.0,1163515.0,1302946.0,0.7019904938676893,35.7795897,-78.6381787,Raleigh,NC
39660,"Rapid City, SD",1145225,51097,29.5,4251.0,4756.0,128361.0,143367.0,0.16929915874070933,44.0805434,-103.2310149,Rapid City,SD
39740,"Reading, PA",4869650,59286,25.0,8177.0,8406.0,412778.0,414812.0,2.2964632499440962,40.3356483,-75.9268747,Reading,PA
39820,"Redding, CA",1376210,46724,21.8,4205.0,4148.0,177774.0,179631.0,-2.3753017903904787,40.5865396,-122.3916754,Redding,CA
39900,"Reno, NV",4602465,58056,29.2,11629.0,12258.0,429767.0,457387.0,-0.9563824488485205,39.5296329,-119.8138027,Reno,NV
40060,"Richmond, VA",15475680,62929,36.7,30539.0,31416.0,1270541.0,1282066.0,1.9469829073545906,37.5407246,-77.4360481,Richmond,VA
40140,"Riverside-San Bernardino-Ontario, CA",57658560,58236,21.0,64625.0,71807.0,4304997.0,4527837.0,5.644841493307689,34.0633443,-117.6508876,Riverside-San Bernardino-Ontario,CA
40220,"Roanoke, VA",3565070,50551,25.7,8062.0,8060.0,307464.0,312576.0,-1.659844284193086,37.2709704,-79.9414266,Roanoke,VA
40340,"Rochester, MN",2157455,70078,36.7,4376.0,5141.0,187612.0,215884.0,2.096404386308485,44.0121221,-92.4801989,Rochester,MN
40380,"Rochester, NY",10621200,55134,33.7,23577.0,24792.0,1055278.0,1078879.0,2.853047493836361,43.15657789999999,-77.6088465,Rochester,NY
40420,"Rockford, IL",3420510,50324,21.8,7388.0,7290.0,348360.0,339376.0,1.2856213806787409,42.2711311,-89.0939952,Rockford,IL
40580,"Rocky Mount, NC",1418825,38972,17.0,2921.0,2773.0,152157.0,147323.0,-1.951784112862854,35.9382103,-77.7905339,Rocky Mount,NC
40660,"Rome, GA",950920,49865,24.2,1927.0,1960.0,95989.0,96560.0,1.1110375430641797,34.257038,-85.1646726,Rome,GA
40900,"Sacramento--Roseville--Arden-Arcade, CA",25684735,64052,32.6,44300.0,48044.0,2176235.0,2296418.0,2.7756614306854557,38.6008071,-121.3770336,Sacramento--Roseville--Arden-Arcade,CA
40980,"Saginaw, MI",1788260,45849,22.8,4375.0,4261.0,199088.0,192326.0,0.8185765537977914,43.4194699,-83.9508068,Saginaw,MI
41060,"St. Cloud, MN",1973610,56620,25.1,5164.0,5328.0,190014.0,195644.0,0.20676674136195553,45.5579451,-94.16324039999999,St. Cloud,MN
41100,"St. George, UT",984155,55056,28.3,3844.0,4795.0,141666.0,160245.0,10.27736404800805,37.0965278,-113.5684164,St. George,UT
41140,"St. Joseph, MO-KS",1007465,49211,21.7,3049.0,2969.0,127482.0,127528.0,-2.6589351735673206,39.7674578,-94.84668099999999,St. Joseph,MO-KS
41180,"St. Louis, MO-IL",33898500,59780,34.1,69374.0,77550.0,2813680.0,2807954.0,12.013348686786758,38.6270025,-90.19940419999999,St. Louis,MO-IL
41420,"Salem, OR",4358625,55903,24.0,8813.0,9459.0,394865.0,418139.0,1.3559899015207313,44.9428975,-123.0350963,Salem,OR
41500,"Salinas, CA",4203045,63876,24.8,8216.0,8632.0,421898.0,435232.0,1.8445160398667722,36.6777372,-121.6555013,Salinas,CA
41540,"Salisbury, MD-DE",4058975,54738,25.6,2858.0,10558.0,125529.0,400200.0,15.874111754479644,38.349418,-75.5992674,Salisbury,MD-DE
41620,"Salt Lake City, UT",12744160,68196,33.0,31390.0,32433.0,1145905.0,1186187.0,-0.18604582462897146,40.7607793,-111.8910474,Salt Lake City,UT
41660,"San Angelo, TX",1024595,49096,24.8,2636.0,2827.0,113614.0,120189.0,1.3788898317219247,31.4637723,-100.4370375,San Angelo,TX
41700,"San Antonio-New Braunfels, TX",28249580,56105,27.8,40516.0,44993.0,2196132.0,2429609.0,0.37843991880110495,29.7030024,-98.1244531,San Antonio-New Braunfels,TX
41740,"San Diego-Carlsbad, CA",38704200,70824,37.4,75837.0,83146.0,3140069.0,3317749.0,3.76619234307519,33.1580933,-117.3505939,San Diego-Carlsbad,CA
41860,"San Francisco-Oakland-Hayward, CA",73356120,96677,48.5,117920.0,128309.0,4391037.0,4679166.0,2.110004102890816,37.7749274,-122.4194254,San Francisco-Oakland-Hayward,CA
41940,"San Jose-Sunnyvale-Santa Clara, CA",26506185,110040,50.1,45462.0,49243.0,1865450.0,1978816.0,2.11138468091356,37.3541079,-121.9552356,San Jose-Sunnyvale-Santa Clara,CA
42020,"San Luis Obispo-Paso Robles-Arroyo Grande, CA",2892755,70564,36.2,7720.0,8227.0,271969.0,282887.0,2.4543993023377406,35.6242559,-120.6902688,San Luis Obispo-Paso Robles-Arroyo Grande,CA
42100,"Santa Cruz-Watsonville, CA",3287520,77613,40.5,6673.0,7028.0,264298.0,274673.0,1.3417813234413978,36.910231,-121.7568946,Santa Cruz-Watsonville,CA
42140,"Santa Fe, NM",1419255,57863,41.7,4714.0,4726.0,145648.0,148651.0,-1.7707497197387332,35.6869752,-105.937799,Santa Fe,NM
42220,"Santa Rosa, CA",5781110,73929,33.9,13080.0,13887.0,488116.0,503070.0,3.0137781544254056,38.440429,-122.7140548,Santa Rosa,CA
42340,"Savannah, GA",4252005,56535,31.0,8321.0,9070.0,355576.0,384024.0,0.926645355506136,32.0808989,-81.091203,Savannah,GA
42540,"Scranton--Wilkes-Barre--Hazleton, PA",5402825,47422,24.5,13150.0,13233.0,563184.0,555225.0,2.073699399431642,41.408969,-75.66241219999999,Scranton--Wilkes-Barre--Hazleton,PA
42660,"Seattle-Tacoma-Bellevue, WA",56206335,78612,42.0,95613.0,103741.0,3500026.0,3798902.0,-0.035300396676284825,47.6061031,-122.3320534,Seattle-Tacoma-Bellevue,WA
42680,"Sebastian-Vero Beach, FL",1047775,49072,28.7,3840.0,4249.0,138894.0,151563.0,1.4018314578756,27.6386434,-80.39727359999999,Sebastian-Vero Beach,FL
43100,"Sheboygan, WI",1041390,54059,25.6,2674.0,2662.0,115149.0,115427.0,-0.6885299271770274,43.7508284,-87.71453,Sheboygan,WI
43300,"Sherman-Denison, TX",1295625,52095,19.4,2464.0,2526.0,121419.0,128235.0,-2.9327516850911493,33.7556593,-96.53665799999999,Sherman-Denison,TX
43340,"Shreveport-Bossier City, LA",3889850,40445,22.0,9128.0,9957.0,403595.0,441767.0,-0.3435569896938465,32.5159852,-93.7321228,Shreveport-Bossier City,LA
43580,"Sioux City, IA-NE-SD",1478085,56687,21.4,3748.0,4414.0,144014.0,167947.0,0.9869391445905052,42.4963416,-96.40494079999999,Sioux City,IA-NE-SD
43620,"Sioux Falls, SD",2440165,63931,34.1,6921.0,7645.0,232347.0,256479.0,0.06769545292968912,43.5473028,-96.728333,Sioux Falls,SD
43780,"South Bend-Mishawaka, IN-MI",3126300,49117,26.4,6656.0,6525.0,318688.0,320740.0,-2.5953279315621076,41.6619927,-86.15861559999999,South Bend-Mishawaka,IN-MI
43900,"Spartanburg, SC",3379800,46554,21.2,6142.0,6639.0,286868.0,329136.0,-5.789442173266815,34.9495672,-81.9320482,Spartanburg,SC
44060,"Spokane-Spokane Valley, WA",5295645,52955,29.6,12151.0,13926.0,473761.0,556264.0,-2.390357465078321,47.6732281,-117.2393748,Spokane-Spokane Valley,WA
44100,"Springfield, IL",1881355,53798,34.9,5312.0,5181.0,211282.0,208892.0,-1.3501981640250338,39.78172130000001,-89.6501481,Springfield,IL
44140,"Springfield, MA",6436785,54855,31.1,14682.0,13303.0,693204.0,630283.0,-0.34712379682512257,42.1014831,-72.589811,Springfield,MA
44180,"Springfield, MO",4431550,45337,26.5,10981.0,12003.0,438094.0,456434.0,4.914914742171858,37.2089572,-93.29229889999999,Springfield,MO
44220,"Springfield, OH",1260890,46811,17.9,2388.0,2287.0,137691.0,134786.0,-2.165369045455784,39.9242266,-83.8088171,Springfield,OH
44300,"State College, PA",1385135,60266,48.3,3169.0,3347.0,154722.0,161464.0,1.2068333817829413,40.7933949,-77.8600012,State College,PA
44700,"Stockton-Lodi, CA",9369825,59518,16.7,10697.0,11237.0,696214.0,733709.0,-0.32016949062279293,38.1341477,-121.2722194,Stockton-Lodi,CA
44940,"Sumter, SC",963350,40614,19.5,1784.0,1773.0,107460.0,107396.0,-0.5573668349832859,33.9204354,-80.3414693,Sumter,SC
45060,"Syracuse, NY",6266685,56702,31.2,15264.0,15258.0,662553.0,656510.0,0.8808034150279489,43.0481221,-76.14742439999999,Syracuse,NY
45220,"Tallahassee, FL",3879000,50654,39.3,8540.0,8943.0,370292.0,380110.0,2.014145048730814,30.4382559,-84.28073289999999,Tallahassee,FL
45300,"Tampa-St. Petersburg-Clearwater, FL",34397625,51115,28.8,69369.0,77204.0,2824724.0,3032171.0,3.680408169052497,28.274347,-82.38857829999999,Tampa-St. Petersburg-Clearwater,FL
45460,"Terre Haute, IN",1634685,46951,21.4,3673.0,3554.0,173275.0,169518.0,-1.095379067866369,39.4667034,-87.41390919999999,Terre Haute,IN
45500,"Texarkana, TX-AR",1084125,42513,18.4,2859.0,3119.0,136552.0,149721.0,-0.5014926457392865,33.4372167,-94.06748680000001,Texarkana,TX-AR
45780,"Toledo, OH",5846475,48822,27.1,14469.0,13276.0,650266.0,605221.0,-1.4161475982049676,41.6528052,-83.5378674,Toledo,OH
45820,"Topeka, KS",2199490,56548,28.2,5314.0,5157.0,234380.0,233068.0,-2.4081654941617865,39.0473451,-95.67515759999999,Topeka,KS
45940,"Trenton, NJ",4772805,77650,42.7,9615.0,9675.0,367063.0,371023.0,-0.44995465440425464,40.2205824,-74.759717,Trenton,NJ
46060,"Tucson, AZ",9952415,47560,31.9,20059.0,20180.0,989569.0,1016206.0,-2.033811740438619,32.2226066,-110.9747108,Tucson,AZ
46140,"Tulsa, OK",9441415,51623,27.2,23852.0,24403.0,947382.0,987958.0,-1.8918546212817227,36.1539816,-95.99277500000001,Tulsa,OK
46220,"Tuscaloosa, AL",2298330,46086,27.7,4254.0,4531.0,220720.0,239593.0,-1.8785090593737175,33.2098407,-87.56917349999999,Tuscaloosa,AL
46340,"Tyler, TX",2114780,52572,24.9,5504.0,5775.0,213381.0,225290.0,-0.6226539443477007,32.3512601,-95.30106239999999,Tyler,TX
46540,"Utica-Rome, NY",2472470,52534,24.7,6033.0,6014.0,298447.0,293803.0,1.2607384379643531,43.100903,-75.232664,Utica-Rome,NY
46660,"Valdosta, GA",1171145,39734,22.9,3051.0,3072.0,140599.0,144504.0,-2.0326486489899818,30.8327022,-83.2784851,Valdosta,GA
46700,"Vallejo-Fairfield, CA",6326090,73900,25.4,6629.0,6984.0,416471.0,440207.0,-0.3255074938083743,38.1040864,-122.2566367,Vallejo-Fairfield,CA
47020,"Victoria, TX",933730,55228,19.2,2819.0,2475.0,115873.0,100227.0,1.5027122911303423,28.8052674,-97.0035982,Victoria,TX
47220,"Vineland-Bridgeton, NJ",1449900,49110,13.8,2923.0,2815.0,157095.0,153797.0,-1.6296804160438014,39.427337,-75.2340768,Vineland-Bridgeton,NJ
47260,"Virginia Beach-Norfolk-Newport News, VA-NC",20055180,61805,31.4,36830.0,37474.0,1677984.0,1725937.0,-1.0783823008106959,36.7862239,-76.5488232,Virginia Beach-Norfolk-Newport News,VA-NC
47300,"Visalia-Porterville, CA",3701240,45881,13.7,6109.0,6301.0,449253.0,460437.0,0.6375660759122548,36.1341739,-118.8596804,Visalia-Porterville,CA
47380,"Waco, TX",2296065,46590,21.1,4938.0,5391.0,238564.0,264869.0,-1.668645322717974,31.549333,-97.1466695,Waco,TX
47580,"Warner Robins, GA",1740940,59409,26.8,2280.0,3144.0,143925.0,189753.0,4.591231759181661,32.6130007,-83.624201,Warner Robins,GA
47900,"Washington-Arlington-Alexandria, DC-VA-MD-WV",106729450,95843,50.2,140830.0,152428.0,5703948.0,6133552.0,0.6544727115018683,39.1289725,-77.3783789,Washington-Arlington-Alexandria,DC-VA-MD-WV
47940,"Waterloo-Cedar Falls, IA",1402945,53877,27.8,4113.0,4095.0,167818.0,170015.0,-1.7242203690226572,42.5348993,-92.4453161,Waterloo-Cedar Falls,IA
48140,"Wausau, WI",1319800,54774,24.7,3371.0,3353.0,134400.0,135603.0,-1.4163776235028473,44.9591352,-89.6301221,Wausau,WI
48300,"Wenatchee, WA",899055,52231,23.4,3044.0,3278.0,112448.0,117665.0,2.912644323711723,47.4234599,-120.3103494,Wenatchee,WA
48540,"Wheeling, WV-OH",1367785,44131,20.3,3432.0,3316.0,147197.0,142982.0,-0.5316683055839115,40.0639616,-80.7209149,Wheeling,WV-OH
48620,"Wichita, KS",6031980,53663,30.7,14404.0,14955.0,625039.0,645447.0,0.5425358304124013,37.68717609999999,-97.33005299999999,Wichita,KS
48660,"Wichita Falls, TX",1109135,44951,23.4,3469.0,3411.0,149024.0,150734.0,-2.7874329011725147,33.9137085,-98.4933873,Wichita Falls,TX
48700,"Williamsport, PA",1073460,49052,21.2,2867.0,2745.0,116747.0,115248.0,-3.0099936196797454,41.2411897,-77.00107860000001,Williamsport,PA
48900,"Wilmington, NC",2569810,50155,36.5,9762.0,8291.0,369685.0,282573.0,11.114127086271317,34.2103894,-77.8868117,Wilmington,NC
49020,"Winchester, VA-WV",1849385,60962,26.6,3026.0,3186.0,130065.0,138878.0,-1.3938869938929923,39.1856597,-78.1633341,Winchester,VA-WV
49180,"Winston-Salem, NC",6691190,47711,26.4,10158.0,13255.0,482025.0,662079.0,-4.998322521701837,36.09985959999999,-80.244216,Winston-Salem,NC
49340,"Worcester, MA-CT",12759685,67763,34.4,17421.0,20110.0,801227.0,935781.0,-1.162820702466694,42.2625932,-71.8022934,Worcester,MA-CT
49420,"Yakima, WA",1877340,48965,15.9,4583.0,4674.0,247141.0,249636.0,0.9662985737519706,46.6020711,-120.5058987,Yakima,WA
49620,"York-Hanover, PA",5602815,62462,24.2,8519.0,8646.0,436770.0,443744.0,-0.10427116314087469,39.8006553,-76.9830358,York-Hanover,PA
49660,"Youngstown-Warren-Boardman, OH-PA",4916060,44981,22.5,12650.0,12261.0,562739.0,544746.0,0.1263377213957496,41.291972,-80.54384499999999,Youngstown-Warren-Boardman,OH-PA
49700,"Yuba City, CA",1888955,50775,17.2,2475.0,2524.0,167497.0,171926.0,-0.6473120864661398,39.1404477,-121.6169108,Yuba City,CA
49740,"Yuma, AZ",1520700,43518,15.4,2897.0,2963.0,200870.0,205631.0,-0.08984141586823634,32.6926512,-114.6276916,Yuma,AZ
